-- phpMyAdmin SQL Dump
-- version 3.3.10.3
-- http://www.phpmyadmin.net
--
-- ホスト: mysql410.db.sakura.ne.jp
-- 生成時間: 2012 年 5 月 30 日 14:12
-- サーバのバージョン: 5.5.15
-- PHP のバージョン: 5.3.8

SET SQL_MODE="NO_AUTO_VALUE_ON_ZERO";


/*!40101 SET @OLD_CHARACTER_SET_CLIENT=@@CHARACTER_SET_CLIENT */;
/*!40101 SET @OLD_CHARACTER_SET_RESULTS=@@CHARACTER_SET_RESULTS */;
/*!40101 SET @OLD_COLLATION_CONNECTION=@@COLLATION_CONNECTION */;
/*!40101 SET NAMES utf8 */;

--
-- データベース: `kyouryu_eigazuki`
--

-- --------------------------------------------------------

--
-- テーブルの構造 `contacts`
--

CREATE TABLE IF NOT EXISTS `contacts` (
  `id` int(11) NOT NULL AUTO_INCREMENT,
  `user_name` varchar(20) NOT NULL,
  `email` varchar(30) NOT NULL,
  `category` varchar(10) NOT NULL,
  `body` varchar(255) NOT NULL,
  PRIMARY KEY (`id`),
  UNIQUE KEY `name` (`user_name`)
) ENGINE=InnoDB  DEFAULT CHARSET=utf8 AUTO_INCREMENT=3 ;

--
-- テーブルのデータをダンプしています `contacts`
--

INSERT INTO `contacts` (`id`, `user_name`, `email`, `category`, `body`) VALUES
(1, 'aaaa', 'aa', '', ''),
(2, 'dd', 'dd', '', '');

-- --------------------------------------------------------

--
-- テーブルの構造 `countries`
--

CREATE TABLE IF NOT EXISTS `countries` (
  `id` int(11) NOT NULL AUTO_INCREMENT,
  `name` varchar(10) NOT NULL,
  PRIMARY KEY (`id`),
  UNIQUE KEY `name` (`name`)
) ENGINE=InnoDB  DEFAULT CHARSET=utf8 AUTO_INCREMENT=6 ;

--
-- テーブルのデータをダンプしています `countries`
--

INSERT INTO `countries` (`id`, `name`) VALUES
(5, 'その他'),
(3, 'アジア'),
(2, 'アメリカ'),
(4, 'ヨーロッパ'),
(1, '日本');

-- --------------------------------------------------------

--
-- テーブルの構造 `countries_movies`
--

CREATE TABLE IF NOT EXISTS `countries_movies` (
  `movie_id` int(11) NOT NULL,
  `country_id` int(11) NOT NULL,
  PRIMARY KEY (`movie_id`,`country_id`)
) ENGINE=InnoDB DEFAULT CHARSET=utf8;

--
-- テーブルのデータをダンプしています `countries_movies`
--

INSERT INTO `countries_movies` (`movie_id`, `country_id`) VALUES
(1, 2),
(2, 2),
(3, 2),
(4, 2),
(5, 2),
(6, 2),
(7, 2),
(8, 2),
(9, 5),
(10, 1),
(11, 2),
(12, 2),
(13, 2),
(14, 2),
(15, 2),
(16, 2),
(17, 2),
(18, 2),
(19, 1),
(20, 1),
(21, 2),
(22, 2),
(23, 2),
(24, 1),
(25, 1),
(26, 1),
(27, 2),
(28, 2),
(29, 2),
(30, 2),
(31, 2),
(32, 2),
(33, 2),
(34, 2),
(35, 2),
(36, 2),
(37, 2),
(38, 1),
(39, 2),
(40, 2),
(41, 2),
(42, 2),
(43, 2),
(44, 2),
(45, 2),
(46, 2),
(47, 1),
(48, 2),
(49, 2),
(50, 2),
(51, 4),
(52, 3),
(53, 3),
(54, 2),
(55, 2),
(56, 2),
(57, 2),
(58, 2),
(59, 2),
(60, 2),
(61, 2),
(62, 1),
(63, 1),
(64, 1),
(65, 1),
(66, 1),
(67, 1),
(68, 1),
(69, 2),
(69, 4),
(70, 2),
(71, 2),
(72, 2),
(73, 2),
(74, 2),
(75, 1),
(76, 1),
(77, 1),
(78, 1),
(79, 1),
(80, 1),
(81, 2),
(82, 2),
(83, 1),
(84, 1),
(85, 2),
(86, 2),
(87, 5),
(88, 5),
(89, 5),
(90, 2),
(91, 2),
(92, 2),
(93, 3),
(94, 1),
(95, 1),
(96, 2),
(96, 4),
(97, 4),
(98, 4),
(99, 1),
(100, 1),
(101, 2),
(102, 2),
(103, 2),
(104, 1),
(105, 1),
(106, 1),
(107, 1),
(108, 1),
(109, 1),
(110, 1),
(111, 1),
(112, 1),
(113, 1),
(114, 1),
(115, 1),
(116, 2),
(117, 1),
(118, 1),
(119, 2),
(120, 2),
(121, 2),
(122, 2),
(123, 2),
(124, 2),
(125, 2),
(126, 1),
(127, 1),
(128, 2),
(129, 2),
(130, 2),
(131, 2),
(132, 2),
(133, 1),
(134, 2),
(135, 2),
(136, 1),
(137, 1),
(138, 1),
(139, 2),
(140, 2),
(141, 1),
(142, 2),
(143, 2),
(144, 2),
(145, 2),
(146, 2),
(147, 2),
(148, 1),
(149, 2),
(150, 1),
(151, 2),
(152, 4),
(153, 2),
(154, 2),
(155, 2),
(156, 2),
(157, 4),
(158, 2),
(159, 1),
(160, 2),
(161, 2),
(162, 2),
(163, 2),
(164, 1),
(165, 1),
(166, 3),
(167, 2),
(168, 1),
(169, 1),
(170, 2),
(171, 1),
(172, 2),
(173, 2),
(174, 1),
(176, 2),
(177, 1),
(178, 2),
(179, 2),
(180, 2),
(181, 1),
(182, 2),
(183, 2),
(184, 2),
(185, 3),
(186, 1),
(187, 2),
(188, 2),
(189, 2),
(190, 2),
(191, 1),
(192, 3),
(193, 2),
(194, 2),
(195, 2),
(196, 2),
(197, 2),
(198, 1),
(199, 2),
(200, 2),
(201, 2),
(202, 2),
(203, 1),
(204, 2),
(205, 2),
(206, 2),
(207, 2),
(208, 2),
(209, 2),
(210, 2),
(211, 2),
(212, 2),
(213, 2),
(214, 2),
(215, 2),
(216, 2),
(217, 1),
(218, 2),
(219, 2),
(220, 2),
(221, 2),
(222, 2),
(223, 2),
(224, 2),
(225, 2),
(226, 2),
(227, 2),
(228, 2),
(229, 2),
(230, 2),
(231, 4),
(232, 1),
(233, 2),
(234, 2),
(235, 2),
(236, 2),
(237, 2),
(237, 4),
(238, 2),
(239, 4),
(240, 2),
(241, 2),
(242, 2),
(243, 2),
(244, 2),
(245, 2),
(246, 2),
(247, 2),
(248, 2),
(249, 2),
(250, 2),
(251, 2),
(252, 2),
(253, 2),
(254, 2),
(255, 2),
(256, 2),
(257, 1),
(258, 1),
(259, 1),
(260, 2),
(261, 2),
(262, 2),
(263, 2),
(264, 2),
(265, 1),
(266, 2),
(267, 2),
(268, 2),
(269, 2),
(269, 4),
(270, 1),
(271, 2),
(272, 2),
(273, 1),
(274, 1),
(275, 2),
(276, 2),
(277, 2),
(278, 1),
(279, 2),
(279, 3),
(280, 2),
(281, 2),
(282, 2),
(283, 2),
(284, 2),
(285, 4),
(286, 2),
(287, 2),
(288, 2),
(289, 2),
(290, 1),
(291, 2),
(292, 2),
(293, 1),
(294, 2),
(295, 1),
(296, 4),
(297, 2),
(298, 2),
(299, 2),
(300, 2),
(301, 2),
(302, 2),
(303, 1),
(304, 2),
(305, 2),
(306, 2),
(307, 2),
(308, 2),
(309, 1),
(310, 2),
(311, 2),
(312, 2),
(313, 1),
(314, 2),
(315, 2),
(316, 2),
(317, 2),
(318, 1),
(319, 2),
(320, 2),
(320, 4),
(321, 2),
(322, 2),
(322, 4),
(323, 2),
(324, 2),
(325, 2),
(326, 2),
(327, 2),
(328, 1),
(329, 2),
(329, 4),
(330, 2),
(331, 1),
(331, 2),
(332, 2),
(333, 2),
(334, 4),
(335, 2),
(336, 2),
(337, 1),
(338, 2),
(339, 2),
(340, 3),
(341, 1),
(342, 2),
(343, 2),
(344, 1),
(345, 2),
(346, 2),
(347, 2),
(348, 2),
(349, 1),
(350, 2),
(350, 3),
(351, 2),
(351, 3),
(352, 2),
(353, 1),
(354, 3),
(355, 2),
(356, 2),
(357, 2),
(358, 2),
(359, 2),
(360, 2),
(361, 2),
(362, 2),
(363, 2),
(364, 2),
(365, 2),
(366, 2),
(367, 2),
(368, 2),
(369, 2),
(369, 4),
(370, 2),
(371, 2),
(372, 2),
(373, 2),
(374, 1),
(375, 2),
(376, 2),
(377, 2),
(378, 2),
(379, 2),
(380, 2),
(381, 4),
(382, 2),
(383, 2),
(384, 4),
(385, 1),
(386, 2),
(387, 2),
(388, 2),
(389, 4),
(390, 2),
(391, 2),
(392, 1),
(393, 1),
(394, 2),
(395, 2),
(396, 4),
(397, 2),
(398, 2),
(399, 2),
(400, 2),
(401, 3),
(402, 2),
(403, 1),
(404, 2),
(405, 2),
(406, 1),
(407, 2),
(408, 2),
(409, 2),
(410, 2),
(411, 2),
(412, 2),
(413, 1),
(414, 2),
(415, 2),
(416, 2),
(417, 2),
(418, 2),
(419, 2),
(420, 2),
(421, 2),
(422, 2),
(424, 2),
(425, 2),
(426, 2),
(427, 2),
(428, 2),
(429, 2),
(430, 2),
(431, 2),
(432, 1),
(433, 1),
(433, 2),
(434, 2);

-- --------------------------------------------------------

--
-- テーブルの構造 `feelings`
--

CREATE TABLE IF NOT EXISTS `feelings` (
  `id` int(11) NOT NULL AUTO_INCREMENT,
  `name` varchar(10) NOT NULL,
  PRIMARY KEY (`id`),
  UNIQUE KEY `name` (`name`)
) ENGINE=InnoDB  DEFAULT CHARSET=utf8 AUTO_INCREMENT=40 ;

--
-- テーブルのデータをダンプしています `feelings`
--

INSERT INTO `feelings` (`id`, `name`) VALUES
(27, 'ほのぼのする'),
(31, 'アイディアに脱帽'),
(22, 'カッコいい'),
(5, 'キュンとする'),
(17, 'セクシー'),
(12, 'ハラハラ・ドキドキ'),
(6, '不思議'),
(35, '主役が多い'),
(32, '予測不能'),
(13, '元気になる'),
(23, '印象的なラスト'),
(24, '後味が悪い'),
(1, '心が揺さぶられる'),
(9, '心温まる'),
(20, '怖い'),
(15, '悲しい'),
(21, '感動'),
(3, '憧れる'),
(30, '楽しい'),
(37, '残酷'),
(11, '泣ける'),
(8, '爽快'),
(10, '独創的'),
(7, '理解不能'),
(14, '知的'),
(4, '笑える'),
(26, '考えさせられる'),
(34, '脇役が光る'),
(29, '華やか'),
(18, '衝撃的'),
(19, '重い'),
(33, '魅力的な悪役');

-- --------------------------------------------------------

--
-- テーブルの構造 `feelings_movies`
--

CREATE TABLE IF NOT EXISTS `feelings_movies` (
  `movie_id` int(11) NOT NULL,
  `feeling_id` int(11) NOT NULL,
  PRIMARY KEY (`movie_id`,`feeling_id`)
) ENGINE=InnoDB DEFAULT CHARSET=utf8;

--
-- テーブルのデータをダンプしています `feelings_movies`
--

INSERT INTO `feelings_movies` (`movie_id`, `feeling_id`) VALUES
(1, 8),
(1, 12),
(1, 18),
(1, 20),
(1, 22),
(1, 26),
(1, 34),
(2, 1),
(2, 10),
(2, 12),
(2, 18),
(2, 19),
(2, 24),
(2, 31),
(2, 32),
(2, 33),
(2, 34),
(3, 1),
(3, 11),
(3, 12),
(3, 15),
(3, 18),
(3, 20),
(3, 21),
(3, 22),
(3, 35),
(4, 1),
(4, 12),
(4, 15),
(4, 18),
(4, 21),
(4, 23),
(4, 26),
(4, 31),
(4, 32),
(5, 1),
(5, 8),
(5, 12),
(5, 15),
(5, 18),
(5, 20),
(5, 22),
(5, 26),
(5, 35),
(5, 37),
(6, 4),
(6, 8),
(6, 10),
(6, 12),
(6, 13),
(6, 18),
(6, 23),
(6, 30),
(6, 31),
(6, 32),
(6, 35),
(7, 4),
(7, 8),
(7, 9),
(7, 12),
(7, 13),
(7, 18),
(7, 21),
(7, 30),
(7, 35),
(8, 4),
(8, 8),
(8, 9),
(8, 12),
(8, 13),
(8, 18),
(8, 21),
(8, 30),
(8, 35),
(9, 1),
(9, 8),
(9, 10),
(9, 12),
(9, 18),
(9, 23),
(9, 35),
(9, 37),
(10, 4),
(10, 5),
(10, 9),
(10, 12),
(10, 13),
(10, 21),
(10, 35),
(11, 1),
(11, 12),
(11, 15),
(11, 18),
(11, 23),
(11, 31),
(11, 34),
(12, 3),
(12, 8),
(12, 14),
(12, 18),
(12, 22),
(13, 1),
(13, 4),
(13, 12),
(13, 13),
(13, 18),
(13, 20),
(13, 21),
(13, 23),
(13, 31),
(13, 34),
(14, 8),
(14, 12),
(14, 18),
(14, 20),
(14, 22),
(14, 26),
(14, 34),
(15, 8),
(15, 12),
(15, 18),
(15, 20),
(15, 22),
(15, 35),
(16, 5),
(16, 9),
(16, 13),
(16, 21),
(16, 23),
(16, 32),
(17, 12),
(17, 15),
(17, 18),
(17, 22),
(17, 23),
(17, 34),
(18, 1),
(18, 6),
(18, 10),
(18, 12),
(18, 18),
(18, 20),
(18, 24),
(18, 31),
(18, 32),
(18, 34),
(19, 15),
(19, 34),
(20, 15),
(20, 18),
(20, 23),
(20, 33),
(20, 34),
(21, 4),
(21, 8),
(21, 12),
(21, 18),
(21, 34),
(22, 3),
(22, 12),
(22, 18),
(22, 20),
(22, 21),
(22, 23),
(22, 34),
(23, 8),
(23, 12),
(23, 22),
(23, 32),
(23, 35),
(24, 8),
(24, 12),
(24, 15),
(24, 18),
(24, 22),
(24, 33),
(24, 37),
(25, 9),
(25, 27),
(25, 30),
(26, 8),
(26, 12),
(26, 15),
(27, 3),
(27, 12),
(28, 6),
(28, 7),
(28, 9),
(28, 21),
(29, 8),
(29, 12),
(29, 18),
(29, 20),
(29, 33),
(30, 12),
(30, 18),
(30, 20),
(31, 4),
(31, 5),
(31, 9),
(31, 13),
(31, 21),
(31, 27),
(31, 34),
(32, 1),
(32, 3),
(32, 8),
(32, 9),
(32, 10),
(32, 12),
(32, 18),
(32, 21),
(32, 22),
(32, 31),
(32, 33),
(32, 34),
(33, 4),
(33, 9),
(33, 12),
(33, 21),
(33, 34),
(34, 6),
(34, 12),
(34, 15),
(34, 18),
(34, 23),
(34, 26),
(34, 31),
(34, 32),
(34, 33),
(35, 7),
(36, 11),
(36, 15),
(36, 18),
(36, 21),
(36, 26),
(36, 35),
(37, 4),
(37, 6),
(37, 9),
(37, 13),
(37, 21),
(37, 27),
(37, 34),
(38, 15),
(38, 18),
(38, 20),
(38, 26),
(38, 35),
(39, 4),
(39, 5),
(39, 8),
(39, 9),
(39, 13),
(39, 18),
(39, 30),
(39, 31),
(40, 8),
(40, 12),
(40, 18),
(40, 22),
(40, 33),
(41, 8),
(41, 12),
(41, 14),
(41, 18),
(41, 22),
(41, 31),
(41, 32),
(41, 35),
(42, 10),
(42, 12),
(42, 19),
(42, 32),
(43, 3),
(43, 6),
(43, 8),
(43, 12),
(43, 22),
(43, 23),
(43, 30),
(43, 34),
(44, 12),
(44, 17),
(44, 22),
(44, 29),
(45, 5),
(45, 9),
(45, 13),
(45, 17),
(45, 21),
(45, 29),
(45, 34),
(46, 3),
(46, 12),
(46, 17),
(46, 18),
(46, 33),
(46, 37),
(47, 19),
(47, 20),
(47, 22),
(48, 4),
(48, 8),
(48, 13),
(48, 27),
(49, 3),
(49, 4),
(49, 9),
(49, 11),
(49, 13),
(49, 21),
(49, 22),
(49, 23),
(49, 34),
(50, 8),
(50, 10),
(50, 12),
(50, 18),
(50, 22),
(50, 23),
(50, 34),
(51, 5),
(51, 9),
(51, 11),
(51, 29),
(51, 30),
(51, 35),
(52, 9),
(52, 11),
(52, 15),
(52, 21),
(52, 26),
(53, 4),
(53, 5),
(53, 9),
(53, 11),
(53, 23),
(53, 30),
(54, 3),
(54, 9),
(54, 12),
(54, 30),
(54, 35),
(55, 3),
(55, 9),
(55, 12),
(55, 35),
(56, 9),
(56, 11),
(56, 12),
(56, 34),
(56, 35),
(57, 12),
(57, 22),
(57, 33),
(57, 35),
(58, 11),
(58, 12),
(58, 15),
(58, 22),
(58, 23),
(58, 35),
(59, 11),
(59, 12),
(59, 15),
(59, 23),
(60, 12),
(60, 15),
(60, 33),
(60, 35),
(61, 9),
(61, 11),
(61, 12),
(61, 35),
(62, 5),
(62, 9),
(62, 11),
(62, 21),
(62, 26),
(63, 3),
(63, 5),
(63, 22),
(63, 29),
(64, 12),
(64, 21),
(64, 22),
(65, 11),
(65, 12),
(65, 21),
(65, 22),
(66, 4),
(66, 13),
(67, 4),
(67, 12),
(67, 22),
(68, 4),
(68, 22),
(68, 34),
(69, 6),
(69, 9),
(69, 11),
(69, 15),
(69, 21),
(69, 23),
(69, 29),
(70, 5),
(70, 12),
(70, 18),
(70, 23),
(70, 31),
(70, 34),
(71, 8),
(71, 12),
(71, 15),
(71, 18),
(71, 22),
(71, 34),
(72, 3),
(72, 5),
(72, 12),
(72, 17),
(73, 7),
(73, 12),
(73, 18),
(73, 23),
(73, 32),
(73, 33),
(74, 6),
(74, 7),
(74, 11),
(74, 15),
(74, 18),
(74, 21),
(75, 8),
(75, 12),
(75, 18),
(75, 22),
(75, 33),
(75, 34),
(76, 5),
(76, 12),
(76, 18),
(76, 22),
(76, 23),
(76, 32),
(76, 33),
(76, 34),
(77, 8),
(77, 12),
(77, 18),
(77, 22),
(77, 33),
(78, 1),
(78, 8),
(78, 12),
(78, 18),
(78, 22),
(78, 33),
(79, 8),
(79, 12),
(79, 22),
(80, 6),
(80, 9),
(80, 13),
(80, 27),
(81, 5),
(81, 7),
(81, 17),
(82, 4),
(82, 5),
(82, 9),
(82, 13),
(82, 21),
(82, 26),
(82, 27),
(82, 30),
(83, 1),
(83, 10),
(83, 12),
(83, 14),
(83, 18),
(83, 22),
(83, 23),
(83, 26),
(83, 31),
(83, 32),
(84, 3),
(84, 12),
(84, 14),
(84, 18),
(84, 22),
(84, 35),
(85, 5),
(85, 6),
(85, 8),
(85, 9),
(85, 12),
(85, 13),
(85, 34),
(86, 4),
(86, 5),
(86, 27),
(86, 30),
(87, 7),
(87, 10),
(87, 12),
(87, 18),
(87, 20),
(87, 31),
(87, 32),
(87, 37),
(88, 7),
(88, 10),
(88, 12),
(88, 18),
(88, 20),
(88, 31),
(88, 32),
(89, 7),
(89, 12),
(89, 18),
(89, 19),
(89, 20),
(89, 32),
(90, 8),
(90, 10),
(90, 12),
(90, 17),
(90, 18),
(90, 22),
(90, 29),
(90, 33),
(90, 37),
(91, 1),
(91, 8),
(91, 9),
(91, 11),
(91, 12),
(91, 15),
(91, 18),
(91, 21),
(91, 22),
(91, 23),
(91, 34),
(92, 4),
(92, 9),
(92, 13),
(92, 22),
(92, 27),
(92, 30),
(93, 4),
(93, 8),
(93, 13),
(93, 18),
(93, 22),
(93, 30),
(93, 33),
(93, 34),
(94, 5),
(94, 9),
(94, 11),
(94, 12),
(94, 15),
(94, 21),
(95, 15),
(95, 18),
(95, 22),
(95, 26),
(95, 35),
(96, 12),
(96, 20),
(96, 37),
(97, 7),
(97, 12),
(97, 34),
(98, 7),
(98, 12),
(98, 18),
(98, 20),
(98, 37),
(99, 7),
(99, 29),
(100, 3),
(100, 5),
(100, 8),
(100, 13),
(100, 21),
(100, 22),
(100, 34),
(101, 1),
(101, 8),
(101, 9),
(101, 11),
(101, 13),
(101, 18),
(101, 21),
(101, 22),
(101, 23),
(101, 32),
(101, 34),
(102, 12),
(102, 18),
(102, 31),
(102, 32),
(102, 33),
(103, 1),
(103, 11),
(103, 15),
(103, 19),
(103, 21),
(103, 26),
(103, 34),
(104, 4),
(104, 9),
(104, 12),
(104, 13),
(104, 30),
(104, 33),
(104, 34),
(105, 4),
(105, 13),
(105, 30),
(106, 4),
(106, 5),
(106, 9),
(106, 12),
(106, 13),
(106, 30),
(106, 34),
(107, 4),
(107, 8),
(107, 13),
(107, 22),
(107, 30),
(107, 33),
(108, 4),
(108, 8),
(108, 12),
(108, 13),
(108, 22),
(108, 30),
(108, 33),
(108, 34),
(109, 4),
(109, 8),
(109, 9),
(109, 11),
(109, 13),
(109, 15),
(109, 21),
(109, 23),
(109, 30),
(109, 34),
(110, 4),
(110, 7),
(110, 13),
(110, 30),
(111, 4),
(111, 8),
(111, 12),
(111, 13),
(111, 22),
(111, 30),
(111, 33),
(111, 34),
(112, 1),
(112, 4),
(112, 9),
(112, 11),
(112, 12),
(112, 13),
(112, 18),
(112, 21),
(112, 22),
(112, 23),
(112, 31),
(112, 33),
(113, 1),
(113, 4),
(113, 5),
(113, 11),
(113, 15),
(113, 23),
(113, 32),
(113, 34),
(114, 4),
(114, 7),
(114, 8),
(114, 30),
(115, 4),
(115, 8),
(115, 9),
(115, 12),
(115, 13),
(115, 15),
(115, 21),
(115, 22),
(115, 23),
(115, 33),
(115, 34),
(116, 10),
(116, 12),
(116, 18),
(116, 20),
(116, 23),
(116, 31),
(116, 32),
(116, 35),
(117, 8),
(117, 22),
(117, 35),
(118, 8),
(118, 29),
(118, 30),
(118, 35),
(119, 7),
(119, 12),
(119, 15),
(119, 18),
(119, 20),
(119, 32),
(119, 37),
(120, 6),
(120, 7),
(120, 10),
(120, 12),
(120, 18),
(120, 23),
(120, 32),
(121, 8),
(121, 12),
(121, 18),
(121, 20),
(121, 37),
(122, 11),
(122, 12),
(122, 15),
(122, 18),
(122, 20),
(122, 35),
(123, 6),
(123, 9),
(123, 12),
(123, 18),
(123, 30),
(123, 32),
(124, 3),
(124, 7),
(124, 8),
(124, 12),
(124, 18),
(125, 10),
(125, 12),
(125, 18),
(125, 20),
(125, 37),
(126, 3),
(126, 8),
(126, 9),
(126, 10),
(126, 12),
(126, 13),
(126, 18),
(126, 21),
(126, 22),
(126, 30),
(126, 31),
(126, 33),
(126, 34),
(127, 4),
(127, 8),
(127, 13),
(127, 14),
(127, 18),
(127, 30),
(127, 31),
(127, 32),
(127, 35),
(128, 8),
(128, 12),
(128, 18),
(128, 20),
(128, 22),
(128, 33),
(128, 34),
(129, 1),
(129, 8),
(129, 12),
(129, 15),
(129, 18),
(129, 22),
(129, 33),
(129, 34),
(130, 5),
(130, 9),
(130, 13),
(130, 14),
(130, 21),
(130, 26),
(130, 34),
(131, 12),
(131, 20),
(132, 1),
(132, 7),
(132, 10),
(132, 12),
(132, 15),
(132, 18),
(132, 20),
(132, 23),
(132, 26),
(132, 32),
(132, 33),
(132, 35),
(133, 4),
(133, 5),
(133, 9),
(133, 10),
(133, 13),
(133, 27),
(133, 30),
(133, 34),
(134, 4),
(134, 9),
(134, 13),
(134, 29),
(134, 30),
(134, 34),
(135, 6),
(135, 10),
(135, 18),
(135, 26),
(135, 34),
(136, 8),
(136, 12),
(136, 15),
(136, 18),
(136, 20),
(136, 21),
(136, 22),
(136, 23),
(136, 32),
(136, 34),
(137, 7),
(137, 12),
(137, 17),
(137, 20),
(137, 34),
(138, 7),
(138, 12),
(138, 22),
(138, 34),
(139, 6),
(139, 7),
(139, 9),
(139, 11),
(139, 15),
(139, 18),
(139, 21),
(139, 23),
(139, 26),
(139, 31),
(139, 32),
(140, 1),
(140, 9),
(140, 11),
(140, 12),
(140, 15),
(140, 18),
(140, 19),
(140, 21),
(140, 23),
(140, 26),
(140, 33),
(140, 34),
(140, 37),
(141, 3),
(141, 8),
(141, 12),
(141, 15),
(141, 17),
(141, 18),
(141, 22),
(141, 33),
(141, 34),
(142, 12),
(142, 15),
(142, 18),
(142, 20),
(142, 21),
(142, 22),
(142, 23),
(142, 26),
(142, 34),
(143, 12),
(143, 15),
(143, 18),
(143, 20),
(143, 26),
(143, 35),
(144, 8),
(144, 12),
(144, 18),
(144, 22),
(144, 33),
(144, 35),
(145, 8),
(145, 12),
(145, 15),
(145, 18),
(145, 22),
(145, 33),
(145, 35),
(146, 8),
(146, 12),
(146, 18),
(146, 22),
(146, 33),
(146, 35),
(147, 4),
(147, 5),
(147, 9),
(147, 11),
(147, 15),
(147, 18),
(147, 21),
(147, 23),
(147, 30),
(147, 31),
(147, 34),
(148, 4),
(148, 9),
(148, 13),
(148, 27),
(148, 30),
(148, 34),
(149, 4),
(149, 22),
(149, 30),
(149, 34),
(150, 7),
(150, 15),
(150, 18),
(151, 1),
(151, 10),
(151, 12),
(151, 18),
(151, 20),
(151, 23),
(151, 26),
(151, 31),
(151, 32),
(151, 35),
(152, 1),
(152, 12),
(152, 18),
(152, 20),
(152, 26),
(152, 31),
(152, 32),
(152, 35),
(153, 3),
(153, 8),
(154, 8),
(154, 12),
(154, 18),
(154, 20),
(154, 32),
(154, 33),
(154, 35),
(155, 4),
(155, 5),
(155, 8),
(155, 9),
(155, 12),
(155, 21),
(155, 27),
(155, 30),
(155, 34),
(156, 4),
(156, 5),
(156, 9),
(156, 13),
(156, 30),
(156, 34),
(157, 5),
(157, 12),
(157, 14),
(157, 17),
(157, 22),
(157, 29),
(158, 12),
(158, 18),
(158, 34),
(159, 4),
(159, 8),
(159, 13),
(159, 21),
(159, 30),
(159, 35),
(160, 8),
(160, 12),
(160, 18),
(160, 20),
(161, 1),
(161, 5),
(161, 6),
(161, 14),
(161, 15),
(161, 18),
(161, 21),
(161, 26),
(161, 29),
(161, 31),
(161, 32),
(161, 34),
(162, 4),
(162, 8),
(162, 12),
(162, 14),
(162, 18),
(162, 22),
(162, 29),
(162, 30),
(162, 35),
(163, 8),
(163, 12),
(163, 14),
(163, 22),
(163, 29),
(163, 30),
(163, 35),
(164, 9),
(164, 13),
(164, 21),
(164, 27),
(164, 30),
(164, 35),
(165, 7),
(165, 9),
(165, 13),
(165, 21),
(165, 27),
(165, 30),
(165, 35),
(166, 1),
(166, 10),
(166, 11),
(166, 12),
(166, 15),
(166, 18),
(166, 19),
(166, 24),
(166, 26),
(166, 31),
(166, 32),
(166, 33),
(166, 37),
(167, 6),
(167, 12),
(167, 18),
(168, 8),
(168, 10),
(168, 12),
(168, 22),
(168, 29),
(168, 34),
(169, 4),
(169, 9),
(170, 12),
(170, 14),
(170, 18),
(170, 22),
(170, 32),
(170, 34),
(171, 7),
(171, 18),
(172, 12),
(172, 18),
(172, 34),
(173, 12),
(173, 15),
(173, 18),
(173, 19),
(173, 23),
(173, 34),
(174, 1),
(174, 10),
(174, 12),
(174, 18),
(174, 19),
(174, 23),
(174, 31),
(174, 32),
(174, 33),
(174, 35),
(175, 8),
(175, 12),
(175, 18),
(175, 22),
(175, 32),
(175, 33),
(176, 9),
(176, 11),
(176, 15),
(176, 21),
(176, 26),
(176, 34),
(177, 4),
(177, 13),
(177, 29),
(177, 30),
(177, 35),
(178, 4),
(178, 17),
(178, 18),
(178, 29),
(178, 31),
(179, 5),
(179, 13),
(179, 27),
(179, 29),
(179, 30),
(180, 8),
(180, 21),
(180, 22),
(180, 34),
(181, 12),
(181, 21),
(181, 30),
(181, 34),
(182, 1),
(182, 12),
(182, 18),
(182, 20),
(182, 22),
(182, 33),
(182, 35),
(183, 12),
(183, 18),
(183, 20),
(183, 33),
(184, 4),
(184, 30),
(184, 34),
(185, 4),
(185, 8),
(185, 18),
(185, 22),
(185, 30),
(185, 34),
(186, 7),
(186, 29),
(186, 34),
(187, 12),
(187, 18),
(187, 20),
(187, 22),
(187, 33),
(188, 9),
(188, 12),
(188, 15),
(188, 18),
(188, 21),
(188, 26),
(188, 32),
(188, 34),
(189, 1),
(189, 9),
(189, 11),
(189, 15),
(189, 18),
(189, 21),
(189, 35),
(190, 4),
(190, 8),
(190, 9),
(190, 12),
(190, 13),
(190, 22),
(190, 30),
(190, 34),
(191, 4),
(191, 5),
(191, 8),
(191, 9),
(191, 13),
(191, 21),
(191, 27),
(191, 30),
(192, 1),
(192, 10),
(192, 12),
(192, 18),
(192, 19),
(192, 23),
(192, 24),
(192, 32),
(192, 34),
(193, 12),
(193, 19),
(194, 8),
(194, 12),
(194, 22),
(194, 33),
(195, 8),
(195, 12),
(195, 18),
(195, 22),
(195, 34),
(196, 1),
(196, 8),
(196, 12),
(196, 18),
(196, 22),
(196, 31),
(196, 32),
(196, 33),
(197, 12),
(197, 29),
(197, 30),
(198, 6),
(198, 9),
(198, 12),
(198, 13),
(198, 21),
(198, 26),
(198, 27),
(198, 29),
(198, 30),
(198, 33),
(198, 34),
(199, 12),
(199, 18),
(199, 19),
(199, 20),
(199, 31),
(199, 32),
(199, 33),
(199, 37),
(200, 12),
(200, 18),
(200, 19),
(200, 20),
(200, 23),
(200, 31),
(200, 32),
(200, 33),
(200, 37),
(201, 7),
(201, 10),
(201, 12),
(201, 18),
(201, 19),
(201, 20),
(201, 31),
(201, 32),
(201, 33),
(201, 37),
(202, 1),
(202, 14),
(202, 18),
(202, 21),
(202, 23),
(202, 26),
(202, 29),
(202, 31),
(202, 34),
(203, 12),
(203, 15),
(203, 18),
(203, 20),
(203, 23),
(203, 26),
(203, 32),
(203, 34),
(204, 1),
(204, 7),
(204, 10),
(204, 12),
(204, 18),
(204, 22),
(204, 23),
(204, 26),
(204, 33),
(204, 34),
(205, 5),
(205, 9),
(205, 12),
(205, 13),
(205, 18),
(205, 21),
(205, 31),
(205, 34),
(206, 8),
(206, 12),
(206, 15),
(206, 17),
(206, 18),
(206, 20),
(206, 22),
(206, 33),
(206, 34),
(207, 1),
(207, 8),
(207, 11),
(207, 12),
(207, 15),
(207, 18),
(207, 20),
(207, 22),
(207, 23),
(207, 33),
(207, 34),
(208, 8),
(208, 12),
(208, 18),
(208, 22),
(208, 34),
(209, 8),
(209, 12),
(209, 18),
(209, 20),
(209, 22),
(209, 23),
(209, 34),
(210, 1),
(210, 10),
(210, 12),
(210, 15),
(210, 18),
(210, 19),
(210, 23),
(210, 26),
(210, 31),
(210, 32),
(210, 34),
(211, 8),
(211, 9),
(211, 11),
(211, 13),
(211, 15),
(211, 21),
(211, 22),
(211, 26),
(211, 35),
(212, 8),
(212, 10),
(212, 12),
(212, 18),
(212, 22),
(212, 29),
(213, 3),
(213, 4),
(213, 8),
(213, 9),
(213, 13),
(213, 18),
(213, 21),
(213, 22),
(213, 29),
(213, 30),
(213, 34),
(214, 8),
(214, 12),
(214, 18),
(214, 20),
(214, 22),
(214, 32),
(214, 33),
(214, 35),
(214, 37),
(215, 5),
(215, 6),
(215, 9),
(215, 18),
(215, 21),
(215, 27),
(215, 30),
(216, 5),
(216, 8),
(216, 9),
(216, 12),
(216, 18),
(216, 21),
(216, 22),
(216, 30),
(217, 8),
(217, 12),
(217, 22),
(218, 3),
(218, 8),
(218, 12),
(218, 18),
(218, 22),
(218, 30),
(218, 34),
(219, 1),
(219, 3),
(219, 8),
(219, 12),
(219, 15),
(219, 18),
(219, 22),
(219, 23),
(219, 30),
(219, 32),
(219, 33),
(219, 34),
(220, 5),
(220, 8),
(220, 12),
(220, 15),
(220, 18),
(220, 21),
(220, 22),
(220, 30),
(220, 32),
(220, 33),
(220, 34),
(221, 10),
(221, 12),
(221, 18),
(221, 20),
(221, 24),
(221, 32),
(221, 33),
(222, 4),
(222, 8),
(222, 12),
(222, 18),
(222, 20),
(222, 30),
(222, 35),
(223, 18),
(223, 22),
(223, 32),
(224, 5),
(224, 8),
(224, 13),
(224, 22),
(224, 30),
(224, 34),
(225, 5),
(225, 8),
(225, 13),
(225, 22),
(225, 30),
(225, 34),
(226, 1),
(226, 11),
(226, 15),
(226, 18),
(226, 19),
(226, 20),
(226, 23),
(226, 26),
(226, 31),
(226, 32),
(226, 34),
(227, 8),
(227, 12),
(227, 22),
(227, 30),
(227, 33),
(227, 34),
(228, 12),
(228, 14),
(228, 18),
(228, 20),
(228, 32),
(228, 34),
(229, 12),
(229, 18),
(229, 20),
(229, 22),
(229, 32),
(229, 35),
(230, 8),
(230, 9),
(230, 12),
(230, 15),
(230, 18),
(230, 21),
(230, 22),
(230, 34),
(231, 1),
(231, 12),
(231, 15),
(231, 18),
(231, 23),
(231, 26),
(231, 32),
(231, 34),
(232, 4),
(232, 6),
(232, 10),
(232, 32),
(233, 8),
(233, 12),
(233, 13),
(233, 18),
(233, 22),
(233, 30),
(233, 32),
(233, 33),
(233, 34),
(234, 4),
(234, 5),
(234, 12),
(234, 17),
(234, 22),
(234, 29),
(234, 30),
(234, 33),
(235, 4),
(235, 8),
(235, 18),
(235, 30),
(236, 6),
(236, 7),
(236, 12),
(236, 14),
(236, 18),
(236, 20),
(236, 34),
(237, 9),
(237, 12),
(237, 18),
(237, 21),
(237, 22),
(237, 34),
(238, 12),
(238, 15),
(238, 18),
(238, 31),
(238, 32),
(239, 7),
(239, 10),
(239, 18),
(239, 23),
(239, 26),
(239, 32),
(240, 1),
(240, 9),
(240, 11),
(240, 15),
(240, 18),
(240, 19),
(240, 21),
(240, 23),
(240, 26),
(240, 32),
(240, 35),
(241, 5),
(241, 8),
(241, 12),
(241, 14),
(241, 17),
(241, 22),
(241, 29),
(241, 30),
(241, 35),
(242, 5),
(242, 6),
(242, 10),
(242, 18),
(242, 21),
(242, 27),
(242, 29),
(242, 30),
(242, 34),
(243, 10),
(243, 12),
(243, 18),
(243, 20),
(243, 33),
(244, 1),
(244, 4),
(244, 12),
(244, 18),
(244, 21),
(244, 22),
(244, 26),
(244, 30),
(244, 32),
(244, 34),
(245, 8),
(245, 12),
(245, 18),
(245, 20),
(246, 8),
(246, 12),
(246, 18),
(246, 22),
(246, 33),
(247, 6),
(247, 8),
(247, 9),
(247, 12),
(247, 18),
(247, 20),
(247, 21),
(247, 35),
(248, 9),
(248, 11),
(248, 12),
(248, 15),
(248, 18),
(248, 20),
(248, 21),
(248, 35),
(249, 12),
(249, 18),
(249, 20),
(249, 22),
(249, 32),
(249, 33),
(250, 8),
(250, 12),
(250, 18),
(250, 20),
(250, 22),
(250, 35),
(251, 12),
(251, 15),
(251, 18),
(251, 21),
(251, 22),
(251, 26),
(251, 34),
(252, 8),
(252, 9),
(252, 11),
(252, 12),
(252, 13),
(252, 15),
(252, 21),
(252, 22),
(252, 35),
(253, 12),
(253, 18),
(253, 20),
(253, 33),
(253, 34),
(253, 37),
(254, 8),
(254, 9),
(254, 12),
(254, 13),
(254, 15),
(254, 21),
(254, 22),
(254, 27),
(254, 30),
(254, 34),
(255, 8),
(255, 12),
(255, 14),
(255, 18),
(255, 22),
(255, 23),
(255, 33),
(255, 34),
(256, 1),
(256, 8),
(256, 10),
(256, 12),
(256, 18),
(256, 22),
(256, 29),
(256, 32),
(256, 34),
(257, 5),
(257, 9),
(257, 10),
(257, 18),
(257, 21),
(257, 27),
(257, 30),
(258, 12),
(258, 14),
(258, 18),
(258, 20),
(258, 32),
(258, 33),
(258, 34),
(259, 12),
(259, 14),
(259, 18),
(259, 20),
(259, 32),
(259, 33),
(259, 34),
(260, 6),
(260, 7),
(260, 10),
(260, 12),
(260, 14),
(260, 18),
(260, 20),
(260, 22),
(260, 26),
(260, 32),
(260, 33),
(260, 34),
(261, 6),
(261, 11),
(261, 12),
(261, 15),
(261, 18),
(261, 19),
(261, 20),
(261, 21),
(261, 22),
(261, 26),
(261, 31),
(261, 32),
(261, 34),
(262, 1),
(262, 3),
(262, 8),
(262, 9),
(262, 13),
(262, 21),
(262, 22),
(262, 23),
(262, 30),
(262, 34),
(263, 4),
(263, 5),
(263, 13),
(263, 17),
(263, 29),
(263, 30),
(264, 8),
(264, 12),
(264, 18),
(264, 20),
(264, 24),
(264, 33),
(264, 35),
(264, 37),
(265, 1),
(265, 6),
(265, 8),
(265, 9),
(265, 12),
(265, 13),
(265, 18),
(265, 23),
(265, 30),
(265, 32),
(265, 34),
(266, 3),
(266, 4),
(266, 5),
(266, 9),
(266, 13),
(266, 27),
(266, 30),
(266, 34),
(267, 3),
(267, 4),
(267, 5),
(267, 8),
(267, 9),
(267, 13),
(267, 18),
(267, 27),
(267, 30),
(267, 34),
(268, 7),
(268, 12),
(268, 14),
(268, 18),
(268, 23),
(268, 32),
(268, 34),
(269, 3),
(269, 5),
(269, 9),
(269, 13),
(269, 17),
(269, 27),
(269, 29),
(269, 30),
(270, 5),
(270, 6),
(270, 9),
(270, 13),
(270, 21),
(270, 27),
(270, 30),
(270, 34),
(271, 3),
(271, 8),
(271, 12),
(271, 18),
(271, 21),
(271, 22),
(271, 30),
(271, 33),
(271, 34),
(272, 3),
(272, 8),
(272, 12),
(272, 18),
(272, 21),
(272, 22),
(272, 30),
(272, 33),
(272, 34),
(273, 4),
(273, 8),
(273, 10),
(273, 13),
(273, 15),
(273, 30),
(273, 34),
(274, 4),
(274, 10),
(274, 12),
(274, 13),
(274, 30),
(274, 34),
(275, 4),
(275, 8),
(275, 12),
(275, 18),
(275, 20),
(275, 30),
(275, 33),
(275, 35),
(276, 8),
(276, 12),
(276, 17),
(276, 22),
(276, 29),
(276, 33),
(276, 35),
(277, 1),
(277, 6),
(277, 8),
(277, 10),
(277, 12),
(277, 18),
(277, 22),
(277, 29),
(277, 30),
(277, 33),
(277, 34),
(278, 7),
(278, 8),
(278, 18),
(279, 1),
(279, 11),
(279, 12),
(279, 13),
(279, 15),
(279, 18),
(279, 21),
(279, 22),
(279, 24),
(279, 34),
(280, 4),
(280, 5),
(280, 6),
(280, 8),
(280, 9),
(280, 12),
(280, 18),
(280, 21),
(280, 29),
(280, 30),
(280, 32),
(280, 34),
(281, 3),
(281, 4),
(281, 5),
(281, 6),
(281, 8),
(281, 12),
(281, 18),
(281, 29),
(281, 30),
(281, 34),
(282, 3),
(282, 4),
(282, 5),
(282, 6),
(282, 8),
(282, 12),
(282, 18),
(282, 21),
(282, 29),
(282, 30),
(282, 31),
(282, 34),
(283, 3),
(283, 6),
(283, 8),
(283, 12),
(283, 14),
(283, 18),
(283, 22),
(283, 23),
(283, 30),
(283, 33),
(283, 34),
(284, 3),
(284, 6),
(284, 8),
(284, 12),
(284, 14),
(284, 18),
(284, 22),
(284, 30),
(284, 34),
(285, 7),
(285, 10),
(285, 18),
(285, 32),
(286, 4),
(286, 6),
(286, 12),
(286, 18),
(286, 30),
(286, 34),
(287, 6),
(287, 12),
(287, 22),
(287, 29),
(287, 34),
(288, 1),
(288, 8),
(288, 12),
(288, 18),
(288, 20),
(288, 29),
(288, 32),
(288, 35),
(289, 1),
(289, 6),
(289, 10),
(289, 11),
(289, 12),
(289, 15),
(289, 18),
(289, 21),
(289, 23),
(289, 26),
(289, 35),
(290, 7),
(290, 12),
(290, 18),
(290, 35),
(291, 1),
(291, 12),
(291, 18),
(291, 20),
(291, 23),
(291, 26),
(291, 29),
(291, 31),
(291, 32),
(291, 35),
(292, 7),
(292, 12),
(292, 18),
(292, 32),
(293, 7),
(294, 7),
(294, 12),
(294, 18),
(294, 20),
(294, 33),
(294, 37),
(295, 5),
(295, 9),
(295, 13),
(295, 22),
(295, 27),
(295, 30),
(295, 34),
(296, 1),
(296, 12),
(296, 15),
(296, 18),
(296, 19),
(296, 20),
(296, 24),
(296, 26),
(296, 31),
(296, 32),
(296, 35),
(297, 4),
(297, 7),
(297, 8),
(297, 18),
(298, 8),
(298, 12),
(298, 17),
(298, 20),
(298, 22),
(298, 34),
(299, 8),
(299, 12),
(299, 17),
(299, 20),
(299, 22),
(299, 34),
(300, 8),
(300, 12),
(300, 15),
(300, 17),
(300, 20),
(300, 22),
(300, 34),
(301, 4),
(301, 8),
(301, 12),
(301, 18),
(301, 21),
(301, 22),
(301, 30),
(301, 33),
(301, 35),
(302, 8),
(302, 12),
(302, 18),
(302, 22),
(302, 23),
(302, 30),
(302, 33),
(302, 35),
(303, 6),
(303, 7),
(303, 18),
(303, 29),
(303, 30),
(303, 34),
(304, 1),
(304, 4),
(304, 8),
(304, 12),
(304, 13),
(304, 18),
(304, 21),
(304, 22),
(304, 23),
(304, 30),
(304, 32),
(304, 34),
(305, 11),
(305, 12),
(305, 15),
(305, 17),
(305, 18),
(305, 20),
(305, 21),
(305, 22),
(305, 23),
(305, 34),
(306, 4),
(306, 5),
(306, 8),
(306, 9),
(306, 13),
(306, 18),
(306, 21),
(306, 22),
(306, 30),
(306, 34),
(307, 4),
(307, 7),
(307, 8),
(307, 12),
(307, 13),
(307, 18),
(307, 22),
(307, 30),
(307, 34),
(308, 10),
(308, 12),
(308, 18),
(308, 19),
(308, 22),
(308, 34),
(309, 4),
(309, 5),
(309, 13),
(309, 22),
(309, 27),
(309, 29),
(309, 30),
(309, 35),
(310, 10),
(310, 12),
(310, 17),
(310, 18),
(310, 20),
(310, 34),
(311, 8),
(311, 12),
(311, 18),
(311, 30),
(311, 33),
(312, 12),
(312, 18),
(312, 23),
(312, 26),
(312, 32),
(312, 34),
(313, 1),
(313, 3),
(313, 5),
(313, 8),
(313, 9),
(313, 12),
(313, 13),
(313, 21),
(313, 22),
(313, 30),
(313, 33),
(313, 34),
(314, 8),
(314, 12),
(314, 18),
(314, 30),
(314, 33),
(315, 8),
(315, 12),
(315, 18),
(315, 30),
(315, 33),
(316, 8),
(316, 12),
(316, 18),
(316, 20),
(316, 22),
(316, 32),
(316, 33),
(316, 35),
(317, 8),
(317, 12),
(317, 18),
(317, 22),
(318, 7),
(318, 19),
(318, 21),
(318, 35),
(319, 4),
(319, 8),
(319, 12),
(319, 15),
(319, 18),
(319, 22),
(319, 23),
(319, 32),
(319, 34),
(320, 7),
(320, 12),
(320, 15),
(320, 18),
(320, 19),
(320, 37),
(321, 10),
(321, 12),
(321, 18),
(321, 20),
(321, 33),
(322, 4),
(322, 7),
(322, 32),
(323, 5),
(323, 9),
(323, 18),
(323, 21),
(323, 22),
(323, 27),
(323, 29),
(323, 30),
(323, 34),
(324, 9),
(324, 13),
(324, 15),
(324, 19),
(324, 20),
(324, 23),
(324, 30),
(324, 34),
(325, 8),
(325, 9),
(325, 11),
(325, 12),
(325, 13),
(325, 18),
(325, 21),
(325, 22),
(325, 23),
(325, 26),
(325, 27),
(325, 29),
(325, 30),
(325, 33),
(325, 34),
(326, 9),
(326, 12),
(326, 13),
(326, 20),
(326, 21),
(326, 30),
(326, 34),
(327, 12),
(327, 15),
(327, 18),
(327, 19),
(327, 20),
(327, 26),
(327, 34),
(328, 3),
(328, 5),
(328, 9),
(328, 10),
(328, 15),
(328, 18),
(328, 19),
(328, 20),
(328, 21),
(328, 23),
(328, 27),
(328, 29),
(328, 32),
(329, 7),
(329, 18),
(329, 19),
(329, 23),
(329, 31),
(330, 6),
(330, 10),
(330, 12),
(330, 18),
(330, 19),
(330, 20),
(330, 31),
(330, 32),
(330, 35),
(331, 7),
(332, 8),
(332, 18),
(332, 22),
(332, 33),
(332, 35),
(333, 8),
(333, 12),
(333, 18),
(333, 30),
(333, 35),
(334, 4),
(334, 7),
(334, 8),
(334, 17),
(334, 29),
(334, 30),
(334, 34),
(335, 5),
(335, 8),
(335, 12),
(335, 15),
(335, 18),
(335, 22),
(335, 30),
(335, 32),
(335, 35),
(336, 4),
(336, 5),
(336, 6),
(336, 8),
(336, 9),
(336, 11),
(336, 13),
(336, 21),
(336, 22),
(336, 27),
(336, 30),
(336, 32),
(336, 34),
(337, 4),
(337, 8),
(337, 13),
(337, 22),
(337, 34),
(338, 7),
(338, 12),
(338, 18),
(338, 32),
(339, 10),
(339, 11),
(339, 12),
(339, 15),
(339, 18),
(339, 19),
(339, 20),
(339, 21),
(339, 22),
(339, 26),
(339, 35),
(340, 12),
(340, 15),
(340, 18),
(340, 21),
(340, 22),
(340, 34),
(341, 4),
(341, 18),
(341, 19),
(341, 20),
(341, 30),
(341, 34),
(342, 9),
(342, 11),
(342, 12),
(342, 15),
(342, 18),
(342, 19),
(342, 22),
(342, 23),
(342, 26),
(342, 34),
(343, 12),
(343, 15),
(343, 18),
(343, 19),
(343, 20),
(343, 22),
(343, 26),
(343, 34),
(344, 6),
(344, 7),
(344, 18),
(345, 3),
(345, 4),
(345, 8),
(345, 9),
(345, 13),
(345, 18),
(345, 30),
(345, 31),
(345, 34),
(346, 7),
(346, 10),
(346, 12),
(346, 18),
(346, 19),
(346, 20),
(346, 23),
(346, 26),
(346, 33),
(346, 34),
(347, 12),
(347, 18),
(347, 20),
(347, 22),
(347, 23),
(347, 32),
(347, 33),
(347, 35),
(348, 10),
(348, 12),
(348, 18),
(348, 20),
(348, 22),
(348, 32),
(348, 33),
(348, 34),
(349, 15),
(349, 21),
(349, 23),
(349, 26),
(349, 30),
(349, 35),
(350, 4),
(350, 5),
(350, 9),
(350, 13),
(350, 18),
(350, 21),
(350, 27),
(350, 30),
(350, 31),
(350, 34),
(351, 9),
(351, 21),
(351, 30),
(352, 8),
(352, 12),
(352, 15),
(352, 18),
(352, 22),
(352, 29),
(352, 33),
(352, 34),
(353, 7),
(353, 22),
(354, 8),
(354, 11),
(354, 12),
(354, 13),
(354, 15),
(354, 18),
(354, 19),
(354, 21),
(354, 22),
(354, 33),
(354, 34),
(355, 8),
(355, 12),
(355, 15),
(355, 18),
(355, 20),
(355, 35),
(356, 9),
(356, 12),
(356, 15),
(356, 18),
(356, 19),
(356, 21),
(356, 22),
(356, 32),
(356, 34),
(357, 7),
(357, 12),
(358, 12),
(358, 15),
(358, 18),
(358, 20),
(358, 21),
(358, 22),
(358, 35),
(359, 11),
(359, 12),
(359, 15),
(359, 18),
(359, 19),
(359, 20),
(359, 21),
(359, 22),
(359, 23),
(359, 26),
(359, 32),
(359, 35),
(360, 10),
(360, 18),
(360, 19),
(360, 20),
(360, 26),
(361, 4),
(361, 9),
(361, 12),
(361, 30),
(361, 31),
(361, 34),
(362, 4),
(362, 5),
(362, 12),
(362, 13),
(362, 18),
(362, 21),
(362, 30),
(362, 31),
(362, 33),
(363, 4),
(363, 5),
(363, 9),
(363, 12),
(363, 13),
(363, 30),
(363, 31),
(363, 33),
(364, 4),
(364, 5),
(364, 12),
(364, 13),
(364, 27),
(364, 29),
(364, 30),
(365, 12),
(365, 27),
(365, 29),
(365, 30),
(366, 5),
(366, 7),
(366, 12),
(366, 29),
(367, 4),
(367, 6),
(367, 8),
(367, 12),
(367, 13),
(367, 17),
(367, 18),
(367, 29),
(367, 30),
(367, 34),
(368, 6),
(368, 12),
(368, 15),
(368, 18),
(368, 19),
(368, 23),
(368, 29),
(368, 32),
(368, 35),
(369, 12),
(369, 17),
(369, 18),
(369, 19),
(369, 20),
(369, 22),
(369, 33),
(369, 34),
(370, 7),
(370, 12),
(370, 18),
(370, 23),
(370, 34),
(371, 5),
(371, 8),
(371, 9),
(371, 12),
(371, 15),
(371, 18),
(371, 21),
(371, 22),
(371, 33),
(371, 34),
(372, 5),
(372, 9),
(372, 11),
(372, 15),
(372, 18),
(372, 19),
(372, 21),
(372, 32),
(372, 34),
(373, 9),
(373, 15),
(373, 18),
(373, 21),
(373, 31),
(373, 34),
(374, 3),
(374, 5),
(374, 8),
(374, 9),
(374, 12),
(374, 13),
(374, 21),
(374, 27),
(374, 30),
(374, 34),
(375, 4),
(375, 8),
(375, 13),
(375, 29),
(375, 30),
(375, 34),
(376, 4),
(376, 8),
(376, 12),
(376, 30),
(376, 34),
(377, 5),
(377, 8),
(377, 12),
(377, 17),
(377, 18),
(377, 22),
(377, 29),
(377, 30),
(377, 34),
(378, 4),
(378, 8),
(378, 9),
(378, 12),
(378, 18),
(378, 22),
(378, 29),
(378, 30),
(378, 33),
(378, 35),
(379, 11),
(379, 12),
(379, 15),
(379, 18),
(379, 19),
(379, 23),
(379, 32),
(379, 35),
(380, 4),
(380, 8),
(380, 9),
(380, 13),
(380, 18),
(380, 21),
(380, 27),
(380, 31),
(381, 9),
(381, 11),
(381, 15),
(381, 18),
(381, 19),
(381, 21),
(381, 23),
(381, 32),
(381, 34),
(382, 8),
(382, 12),
(382, 22),
(382, 30),
(382, 31),
(382, 35),
(383, 11),
(383, 15),
(383, 18),
(383, 19),
(383, 22),
(383, 23),
(383, 26),
(383, 32),
(383, 34),
(384, 9),
(384, 15),
(384, 19),
(384, 21),
(384, 23),
(385, 7),
(385, 29),
(386, 4),
(386, 8),
(386, 12),
(386, 22),
(386, 30),
(386, 34),
(387, 4),
(387, 8),
(387, 12),
(387, 18),
(387, 22),
(387, 30),
(387, 34),
(388, 4),
(388, 5),
(388, 8),
(388, 9),
(388, 11),
(388, 12),
(388, 13),
(388, 18),
(388, 21),
(388, 23),
(388, 29),
(388, 30),
(388, 31),
(388, 33),
(389, 8),
(389, 12),
(389, 18),
(389, 22),
(389, 30),
(389, 35),
(390, 7),
(390, 8),
(390, 12),
(390, 18),
(390, 23),
(390, 26),
(390, 31),
(390, 32),
(390, 33),
(390, 34),
(391, 11),
(391, 12),
(391, 15),
(391, 18),
(391, 19),
(391, 21),
(391, 23),
(391, 35),
(392, 11),
(392, 12),
(392, 15),
(392, 18),
(392, 19),
(392, 22),
(392, 23),
(392, 32),
(392, 34),
(393, 7),
(393, 18),
(393, 34),
(394, 4),
(394, 6),
(394, 8),
(394, 9),
(394, 12),
(394, 13),
(394, 18),
(394, 30),
(394, 31),
(394, 32),
(395, 5),
(395, 8),
(395, 9),
(395, 12),
(395, 21),
(395, 29),
(395, 30),
(395, 34),
(396, 12),
(396, 18),
(396, 19),
(396, 23),
(396, 33),
(397, 4),
(397, 8),
(397, 12),
(397, 22),
(397, 30),
(397, 34),
(398, 4),
(398, 8),
(398, 12),
(398, 13),
(398, 22),
(398, 30),
(398, 34),
(399, 4),
(399, 8),
(399, 12),
(399, 13),
(399, 18),
(399, 21),
(399, 27),
(399, 30),
(399, 33),
(399, 34),
(400, 15),
(400, 18),
(400, 21),
(400, 22),
(400, 26),
(400, 29),
(400, 34),
(401, 7),
(401, 12),
(401, 20),
(402, 5),
(402, 9),
(402, 21),
(402, 30),
(402, 34),
(403, 5),
(403, 8),
(403, 13),
(403, 22),
(403, 27),
(403, 29),
(403, 30),
(403, 35),
(404, 7),
(404, 12),
(404, 14),
(404, 18),
(404, 20),
(404, 32),
(405, 8),
(405, 12),
(405, 18),
(405, 30),
(406, 4),
(406, 5),
(406, 8),
(406, 9),
(406, 12),
(406, 13),
(406, 21),
(406, 22),
(406, 23),
(406, 30),
(406, 33),
(406, 34),
(407, 12),
(407, 15),
(407, 18),
(407, 19),
(407, 22),
(407, 23),
(407, 32),
(407, 33),
(407, 34),
(408, 18),
(408, 32),
(408, 35),
(409, 7),
(409, 12),
(409, 18),
(409, 20),
(410, 3),
(410, 6),
(410, 8),
(410, 9),
(410, 10),
(410, 12),
(410, 18),
(410, 21),
(410, 22),
(410, 29),
(410, 30),
(410, 33),
(410, 34),
(410, 35),
(411, 3),
(411, 6),
(411, 8),
(411, 9),
(411, 10),
(411, 12),
(411, 18),
(411, 21),
(411, 22),
(411, 29),
(411, 30),
(411, 33),
(411, 34),
(411, 35),
(412, 3),
(412, 6),
(412, 8),
(412, 9),
(412, 10),
(412, 12),
(412, 18),
(412, 21),
(412, 22),
(412, 29),
(412, 30),
(412, 34),
(412, 35),
(413, 7),
(413, 29),
(414, 8),
(414, 12),
(414, 15),
(414, 18),
(414, 20),
(414, 22),
(414, 33),
(415, 5),
(415, 7),
(415, 15),
(415, 18),
(415, 29),
(416, 8),
(416, 12),
(416, 22),
(417, 4),
(417, 8),
(417, 12),
(417, 22),
(417, 30),
(417, 33),
(417, 34),
(418, 3),
(418, 8),
(418, 9),
(418, 12),
(418, 13),
(418, 15),
(418, 18),
(418, 21),
(418, 22),
(418, 23),
(418, 27),
(418, 30),
(418, 35),
(419, 8),
(419, 10),
(419, 12),
(419, 15),
(419, 18),
(419, 22),
(419, 23),
(419, 29),
(419, 30),
(419, 32),
(419, 33),
(419, 34),
(420, 4),
(420, 8),
(420, 9),
(420, 12),
(420, 13),
(420, 18),
(420, 21),
(420, 22),
(420, 27),
(420, 30),
(420, 31),
(420, 35),
(421, 8),
(421, 12),
(421, 22),
(422, 6),
(422, 8),
(422, 9),
(422, 21),
(422, 22),
(422, 26),
(422, 34),
(423, 7),
(423, 12),
(423, 18),
(423, 32),
(423, 33),
(424, 7),
(424, 10),
(424, 12),
(424, 18),
(424, 20),
(424, 23),
(424, 31),
(424, 32),
(424, 33),
(425, 6),
(425, 9),
(425, 11),
(425, 15),
(425, 18),
(425, 19),
(425, 21),
(425, 23),
(425, 26),
(425, 27),
(425, 31),
(425, 32),
(426, 8),
(426, 12),
(426, 18),
(426, 20),
(426, 31),
(427, 4),
(427, 5),
(427, 8),
(427, 9),
(427, 13),
(427, 18),
(427, 21),
(427, 27),
(427, 29),
(427, 30),
(427, 31),
(427, 34),
(428, 4),
(428, 12),
(428, 18),
(428, 20),
(428, 22),
(428, 30),
(428, 33),
(428, 35),
(429, 5),
(429, 8),
(429, 9),
(429, 12),
(429, 13),
(429, 21),
(429, 26),
(429, 27),
(429, 30),
(429, 34),
(430, 4),
(430, 9),
(430, 12),
(430, 13),
(430, 21),
(430, 22),
(430, 27),
(430, 30),
(430, 33),
(430, 34),
(431, 4),
(431, 13),
(431, 22),
(431, 30),
(431, 34),
(432, 11),
(432, 12),
(432, 15),
(432, 18),
(432, 19),
(432, 21),
(432, 23),
(433, 12),
(433, 18),
(433, 19),
(433, 20),
(433, 23),
(433, 26),
(433, 35),
(434, 7),
(434, 10),
(434, 12),
(434, 18),
(434, 32);

-- --------------------------------------------------------

--
-- テーブルの構造 `genres`
--

CREATE TABLE IF NOT EXISTS `genres` (
  `id` int(11) NOT NULL AUTO_INCREMENT,
  `name` varchar(20) NOT NULL,
  PRIMARY KEY (`id`),
  UNIQUE KEY `name` (`name`)
) ENGINE=InnoDB  DEFAULT CHARSET=utf8 AUTO_INCREMENT=52 ;

--
-- テーブルのデータをダンプしています `genres`
--

INSERT INTO `genres` (`id`, `name`) VALUES
(1, 'アクション'),
(8, 'アドベンチャー'),
(10, 'アニメ'),
(13, 'ウエスタン'),
(23, 'エロティック'),
(19, 'オムニバス'),
(30, 'カンフー'),
(25, 'クリスマス'),
(21, 'グルメ'),
(7, 'コメディ'),
(14, 'サイレント'),
(4, 'サスペンス・ミステリー'),
(22, 'スパイ'),
(18, 'スポーツ'),
(29, 'ゾンビ映画'),
(12, 'ドキュメンタリー'),
(2, 'ドラマ(色強い)'),
(20, 'ハードボイルド'),
(24, 'バイオレンス'),
(15, 'パニック'),
(26, 'パロディ'),
(49, 'ヒーロー'),
(11, 'ファミリー'),
(9, 'ファンタジー'),
(3, 'ホラー'),
(16, 'ミュージカル'),
(17, 'モノクロ映画'),
(28, 'モンスター・エイリアン'),
(47, 'ヤクザ・マフィア'),
(6, 'ラブロマンス'),
(48, 'ロボット'),
(27, 'ロードムービー'),
(45, '伝記'),
(31, '刑事'),
(36, '刑務所'),
(40, '動物'),
(37, '医学'),
(39, '学園'),
(43, '実話'),
(51, '復讐劇'),
(35, '戦争'),
(33, '政治'),
(46, '時代劇'),
(42, '歴史'),
(34, '法廷'),
(41, '特撮'),
(32, '犯罪'),
(38, '青春'),
(44, '音楽'),
(50, '魔法'),
(5, 'ＳＦ');

-- --------------------------------------------------------

--
-- テーブルの構造 `genres_movies`
--

CREATE TABLE IF NOT EXISTS `genres_movies` (
  `movie_id` int(11) NOT NULL,
  `genre_id` int(11) NOT NULL,
  PRIMARY KEY (`movie_id`,`genre_id`)
) ENGINE=InnoDB DEFAULT CHARSET=utf8;

--
-- テーブルのデータをダンプしています `genres_movies`
--

INSERT INTO `genres_movies` (`movie_id`, `genre_id`) VALUES
(1, 1),
(1, 4),
(1, 5),
(2, 4),
(2, 31),
(2, 32),
(3, 5),
(3, 8),
(3, 15),
(3, 49),
(4, 4),
(4, 5),
(4, 6),
(5, 1),
(5, 35),
(5, 42),
(5, 43),
(6, 4),
(6, 7),
(6, 8),
(7, 7),
(7, 8),
(7, 9),
(7, 10),
(7, 11),
(8, 7),
(8, 8),
(8, 9),
(8, 10),
(8, 11),
(9, 2),
(9, 24),
(9, 32),
(9, 38),
(9, 43),
(10, 2),
(10, 10),
(10, 25),
(11, 4),
(11, 17),
(11, 34),
(12, 1),
(12, 5),
(12, 48),
(12, 49),
(13, 2),
(13, 7),
(14, 1),
(14, 4),
(14, 5),
(15, 1),
(15, 5),
(15, 15),
(15, 28),
(16, 2),
(16, 27),
(17, 1),
(17, 4),
(17, 5),
(17, 28),
(18, 3),
(18, 4),
(18, 32),
(19, 4),
(19, 31),
(19, 32),
(20, 4),
(20, 31),
(20, 32),
(21, 1),
(21, 4),
(21, 5),
(22, 1),
(22, 4),
(22, 5),
(22, 48),
(23, 1),
(23, 4),
(23, 31),
(23, 32),
(24, 1),
(24, 46),
(25, 7),
(25, 10),
(25, 11),
(25, 30),
(26, 1),
(26, 5),
(26, 10),
(27, 1),
(27, 8),
(27, 9),
(27, 10),
(27, 11),
(28, 2),
(28, 9),
(29, 8),
(29, 15),
(29, 28),
(29, 40),
(30, 8),
(30, 15),
(30, 28),
(30, 40),
(31, 2),
(31, 6),
(31, 7),
(32, 1),
(32, 5),
(32, 8),
(33, 6),
(33, 7),
(33, 8),
(33, 9),
(33, 10),
(33, 11),
(33, 50),
(34, 4),
(34, 5),
(35, 1),
(35, 4),
(35, 5),
(36, 2),
(36, 35),
(36, 42),
(36, 43),
(37, 2),
(37, 7),
(38, 2),
(39, 6),
(39, 7),
(39, 9),
(40, 1),
(40, 5),
(40, 8),
(40, 28),
(41, 4),
(41, 32),
(42, 4),
(42, 31),
(42, 32),
(43, 1),
(43, 5),
(43, 8),
(44, 1),
(44, 4),
(44, 8),
(44, 32),
(45, 2),
(45, 6),
(45, 7),
(46, 3),
(46, 4),
(46, 5),
(46, 24),
(47, 2),
(47, 4),
(47, 10),
(47, 28),
(47, 31),
(47, 32),
(47, 48),
(48, 7),
(48, 18),
(49, 2),
(49, 9),
(49, 38),
(50, 1),
(50, 4),
(51, 2),
(51, 6),
(51, 7),
(51, 25),
(52, 2),
(52, 6),
(53, 2),
(53, 6),
(53, 7),
(54, 1),
(54, 8),
(54, 9),
(54, 50),
(55, 4),
(55, 8),
(55, 9),
(55, 50),
(56, 4),
(56, 8),
(56, 9),
(56, 50),
(57, 8),
(57, 9),
(57, 50),
(58, 6),
(58, 8),
(58, 9),
(58, 50),
(59, 8),
(59, 9),
(59, 50),
(60, 1),
(60, 8),
(60, 9),
(60, 50),
(61, 1),
(61, 8),
(61, 9),
(61, 50),
(62, 2),
(62, 6),
(62, 9),
(63, 2),
(63, 6),
(63, 7),
(63, 38),
(64, 2),
(64, 4),
(64, 8),
(65, 1),
(65, 2),
(65, 4),
(65, 8),
(66, 1),
(66, 2),
(66, 4),
(66, 7),
(66, 31),
(67, 1),
(67, 4),
(67, 7),
(67, 31),
(68, 1),
(68, 4),
(68, 7),
(68, 31),
(69, 2),
(69, 9),
(69, 44),
(70, 4),
(71, 1),
(71, 5),
(71, 49),
(72, 2),
(72, 4),
(72, 23),
(73, 1),
(73, 3),
(73, 5),
(73, 28),
(74, 2),
(74, 5),
(74, 8),
(74, 9),
(75, 1),
(75, 5),
(75, 10),
(75, 39),
(75, 48),
(76, 1),
(76, 5),
(76, 10),
(76, 39),
(76, 48),
(77, 1),
(77, 5),
(77, 28),
(77, 41),
(78, 1),
(78, 5),
(78, 28),
(78, 41),
(79, 1),
(79, 5),
(79, 28),
(79, 41),
(80, 2),
(80, 9),
(80, 10),
(80, 11),
(81, 1),
(81, 4),
(82, 2),
(82, 7),
(82, 9),
(82, 11),
(83, 1),
(83, 2),
(83, 4),
(83, 5),
(83, 10),
(83, 31),
(83, 32),
(83, 35),
(83, 48),
(84, 1),
(84, 4),
(84, 5),
(84, 10),
(84, 31),
(84, 32),
(84, 48),
(85, 7),
(85, 9),
(85, 11),
(86, 7),
(86, 8),
(86, 11),
(86, 22),
(86, 40),
(87, 3),
(87, 4),
(87, 5),
(88, 3),
(88, 4),
(88, 5),
(89, 3),
(89, 4),
(89, 5),
(90, 1),
(90, 4),
(90, 24),
(90, 32),
(90, 47),
(90, 51),
(91, 1),
(91, 8),
(91, 15),
(91, 28),
(91, 40),
(92, 7),
(92, 11),
(92, 18),
(93, 1),
(93, 7),
(93, 30),
(94, 9),
(94, 10),
(94, 11),
(94, 40),
(95, 2),
(95, 4),
(96, 3),
(96, 24),
(96, 28),
(97, 4),
(97, 31),
(97, 32),
(98, 1),
(98, 4),
(98, 31),
(98, 32),
(99, 2),
(99, 5),
(99, 6),
(99, 8),
(99, 38),
(100, 1),
(100, 2),
(100, 6),
(100, 9),
(100, 10),
(101, 2),
(101, 36),
(102, 3),
(102, 4),
(103, 2),
(103, 9),
(103, 36),
(104, 1),
(104, 4),
(104, 7),
(104, 8),
(104, 9),
(104, 10),
(104, 11),
(104, 50),
(105, 1),
(105, 5),
(105, 7),
(105, 8),
(105, 10),
(105, 49),
(106, 1),
(106, 7),
(106, 8),
(106, 9),
(106, 10),
(106, 11),
(106, 50),
(107, 1),
(107, 5),
(107, 7),
(107, 8),
(107, 10),
(107, 11),
(107, 46),
(107, 48),
(108, 1),
(108, 7),
(108, 8),
(108, 10),
(108, 11),
(109, 1),
(109, 5),
(109, 7),
(109, 8),
(109, 10),
(109, 11),
(110, 1),
(110, 5),
(110, 7),
(110, 10),
(110, 11),
(110, 15),
(110, 48),
(111, 1),
(111, 7),
(111, 8),
(111, 10),
(111, 11),
(111, 49),
(112, 2),
(112, 7),
(112, 10),
(112, 11),
(113, 2),
(113, 5),
(113, 6),
(113, 7),
(113, 9),
(113, 10),
(113, 11),
(113, 46),
(114, 1),
(114, 7),
(114, 8),
(114, 10),
(114, 11),
(114, 27),
(115, 1),
(115, 6),
(115, 7),
(115, 8),
(115, 9),
(115, 10),
(115, 11),
(115, 13),
(116, 4),
(116, 5),
(116, 15),
(116, 28),
(117, 1),
(117, 24),
(117, 39),
(118, 1),
(118, 8),
(118, 9),
(118, 11),
(119, 3),
(119, 4),
(119, 28),
(120, 2),
(120, 3),
(120, 4),
(120, 5),
(121, 1),
(121, 3),
(121, 5),
(121, 15),
(121, 28),
(122, 4),
(122, 5),
(122, 8),
(122, 15),
(123, 5),
(123, 8),
(123, 9),
(123, 11),
(124, 2),
(124, 4),
(124, 6),
(124, 8),
(125, 3),
(125, 5),
(126, 1),
(126, 2),
(126, 5),
(126, 8),
(126, 10),
(126, 38),
(127, 5),
(127, 7),
(127, 38),
(127, 39),
(128, 1),
(128, 3),
(128, 5),
(128, 15),
(128, 28),
(129, 1),
(129, 4),
(129, 32),
(129, 36),
(130, 2),
(130, 43),
(131, 3),
(131, 4),
(132, 2),
(132, 27),
(132, 35),
(132, 42),
(133, 2),
(133, 7),
(134, 7),
(134, 10),
(134, 11),
(134, 32),
(135, 2),
(135, 7),
(135, 35),
(136, 2),
(136, 4),
(136, 32),
(137, 1),
(137, 4),
(137, 5),
(138, 1),
(138, 4),
(138, 5),
(139, 2),
(139, 4),
(139, 9),
(140, 2),
(140, 34),
(140, 36),
(140, 43),
(141, 1),
(141, 2),
(141, 4),
(141, 5),
(141, 10),
(141, 20),
(142, 2),
(142, 8),
(143, 1),
(143, 2),
(143, 4),
(143, 43),
(144, 1),
(144, 5),
(144, 49),
(145, 1),
(145, 5),
(145, 49),
(146, 1),
(146, 5),
(146, 49),
(147, 7),
(147, 9),
(147, 11),
(147, 25),
(148, 2),
(148, 6),
(148, 38),
(149, 1),
(149, 7),
(149, 8),
(150, 2),
(150, 4),
(150, 32),
(151, 2),
(151, 4),
(151, 17),
(151, 34),
(152, 2),
(152, 4),
(152, 36),
(152, 43),
(153, 8),
(153, 9),
(153, 28),
(154, 1),
(154, 3),
(154, 5),
(154, 28),
(155, 8),
(155, 10),
(155, 11),
(155, 40),
(156, 7),
(157, 1),
(157, 8),
(158, 1),
(158, 2),
(158, 35),
(158, 42),
(159, 2),
(159, 7),
(159, 18),
(159, 38),
(159, 39),
(160, 2),
(160, 4),
(160, 5),
(160, 15),
(160, 35),
(161, 5),
(161, 6),
(161, 7),
(162, 1),
(162, 4),
(162, 7),
(162, 32),
(163, 1),
(163, 4),
(163, 32),
(164, 2),
(164, 11),
(165, 2),
(165, 11),
(166, 2),
(166, 4),
(166, 24),
(166, 32),
(166, 51),
(167, 8),
(168, 1),
(168, 4),
(168, 8),
(169, 2),
(169, 7),
(170, 4),
(170, 31),
(170, 32),
(171, 4),
(171, 31),
(171, 32),
(172, 4),
(172, 32),
(173, 4),
(174, 2),
(174, 4),
(174, 24),
(174, 39),
(174, 51),
(175, 1),
(175, 4),
(175, 32),
(176, 2),
(176, 38),
(177, 2),
(177, 7),
(178, 2),
(178, 5),
(178, 9),
(179, 2),
(179, 6),
(179, 7),
(180, 1),
(180, 2),
(180, 8),
(181, 5),
(181, 8),
(181, 38),
(182, 5),
(182, 8),
(182, 15),
(182, 28),
(183, 5),
(183, 8),
(183, 15),
(183, 28),
(184, 1),
(184, 7),
(184, 31),
(185, 1),
(185, 7),
(185, 18),
(186, 1),
(186, 7),
(186, 30),
(187, 4),
(187, 8),
(187, 15),
(187, 28),
(187, 40),
(188, 2),
(188, 4),
(188, 37),
(189, 2),
(189, 8),
(189, 38),
(189, 43),
(190, 7),
(190, 11),
(190, 25),
(191, 7),
(191, 38),
(191, 39),
(191, 44),
(192, 2),
(192, 4),
(192, 31),
(192, 32),
(192, 43),
(193, 2),
(193, 35),
(193, 42),
(194, 1),
(194, 5),
(194, 8),
(194, 49),
(195, 1),
(195, 4),
(195, 32),
(196, 1),
(196, 4),
(196, 32),
(197, 1),
(197, 5),
(197, 8),
(197, 11),
(198, 8),
(198, 9),
(198, 10),
(198, 11),
(199, 3),
(199, 4),
(200, 3),
(200, 4),
(201, 3),
(201, 4),
(201, 24),
(202, 2),
(202, 38),
(202, 43),
(202, 45),
(203, 2),
(203, 34),
(204, 1),
(204, 2),
(204, 4),
(204, 32),
(204, 49),
(205, 2),
(205, 6),
(205, 7),
(206, 1),
(206, 4),
(206, 5),
(206, 48),
(207, 1),
(207, 5),
(207, 48),
(208, 1),
(208, 5),
(208, 48),
(209, 1),
(209, 4),
(209, 5),
(209, 48),
(210, 1),
(210, 2),
(210, 5),
(210, 28),
(211, 2),
(211, 18),
(211, 38),
(211, 39),
(211, 43),
(212, 1),
(212, 5),
(212, 8),
(212, 48),
(213, 7),
(213, 39),
(213, 44),
(214, 1),
(214, 4),
(214, 5),
(214, 8),
(214, 24),
(214, 28),
(214, 35),
(214, 38),
(215, 7),
(215, 9),
(215, 11),
(215, 40),
(216, 7),
(216, 9),
(216, 11),
(216, 40),
(217, 1),
(217, 5),
(217, 8),
(217, 10),
(218, 1),
(218, 5),
(218, 6),
(218, 8),
(218, 38),
(218, 49),
(219, 1),
(219, 2),
(219, 5),
(219, 6),
(219, 8),
(219, 49),
(220, 1),
(220, 4),
(220, 5),
(220, 6),
(220, 8),
(220, 38),
(220, 49),
(221, 3),
(222, 1),
(222, 7),
(222, 15),
(222, 28),
(223, 1),
(223, 4),
(223, 5),
(224, 1),
(224, 8),
(224, 11),
(224, 22),
(225, 1),
(225, 8),
(225, 11),
(225, 22),
(226, 2),
(226, 17),
(226, 35),
(226, 42),
(227, 1),
(227, 8),
(227, 9),
(227, 35),
(228, 5),
(228, 8),
(228, 9),
(228, 42),
(229, 2),
(229, 15),
(230, 8),
(230, 10),
(230, 11),
(231, 4),
(231, 17),
(231, 32),
(232, 1),
(232, 7),
(232, 49),
(233, 1),
(233, 4),
(233, 31),
(233, 32),
(234, 1),
(234, 7),
(234, 31),
(234, 32),
(235, 1),
(235, 7),
(236, 4),
(237, 1),
(237, 2),
(237, 4),
(238, 2),
(238, 4),
(239, 2),
(240, 2),
(240, 35),
(240, 42),
(240, 43),
(241, 1),
(241, 22),
(242, 7),
(242, 9),
(243, 3),
(244, 2),
(244, 7),
(244, 17),
(244, 33),
(244, 35),
(245, 15),
(246, 1),
(246, 5),
(246, 9),
(246, 49),
(247, 4),
(247, 5),
(247, 15),
(248, 2),
(248, 5),
(248, 15),
(249, 3),
(249, 5),
(249, 15),
(249, 28),
(249, 40),
(250, 1),
(250, 15),
(251, 1),
(251, 2),
(251, 35),
(252, 2),
(252, 18),
(252, 40),
(252, 43),
(253, 3),
(253, 43),
(254, 8),
(254, 10),
(254, 11),
(255, 4),
(255, 8),
(255, 32),
(256, 2),
(256, 5),
(256, 8),
(257, 2),
(257, 6),
(257, 43),
(258, 3),
(258, 4),
(258, 32),
(259, 3),
(259, 4),
(259, 32),
(260, 4),
(260, 5),
(261, 2),
(261, 4),
(261, 5),
(262, 2),
(262, 38),
(262, 43),
(263, 6),
(263, 7),
(264, 1),
(264, 3),
(264, 4),
(264, 29),
(265, 5),
(265, 6),
(265, 9),
(265, 10),
(265, 38),
(265, 39),
(266, 7),
(266, 9),
(266, 11),
(266, 40),
(267, 7),
(267, 9),
(267, 11),
(267, 40),
(268, 2),
(268, 4),
(269, 2),
(269, 6),
(269, 7),
(270, 2),
(270, 9),
(270, 10),
(270, 11),
(271, 1),
(271, 5),
(271, 8),
(271, 48),
(272, 1),
(272, 5),
(272, 8),
(272, 48),
(273, 4),
(273, 7),
(274, 4),
(274, 7),
(275, 1),
(275, 3),
(275, 5),
(275, 15),
(275, 28),
(276, 1),
(276, 2),
(276, 6),
(276, 8),
(276, 35),
(276, 42),
(277, 1),
(277, 5),
(277, 8),
(278, 1),
(278, 8),
(278, 9),
(278, 46),
(279, 1),
(279, 2),
(279, 30),
(279, 43),
(280, 8),
(280, 9),
(280, 11),
(281, 7),
(281, 8),
(281, 9),
(282, 7),
(282, 8),
(282, 9),
(283, 1),
(283, 4),
(283, 8),
(284, 1),
(284, 4),
(284, 8),
(285, 4),
(285, 7),
(285, 9),
(286, 5),
(286, 6),
(286, 7),
(287, 8),
(287, 9),
(287, 11),
(288, 4),
(288, 15),
(289, 2),
(289, 4),
(289, 32),
(290, 2),
(290, 5),
(290, 15),
(291, 2),
(291, 4),
(291, 34),
(292, 2),
(292, 4),
(292, 43),
(293, 1),
(293, 7),
(294, 3),
(294, 4),
(294, 15),
(294, 40),
(295, 2),
(295, 6),
(295, 9),
(295, 10),
(296, 2),
(296, 7),
(296, 35),
(297, 1),
(297, 2),
(297, 6),
(297, 35),
(298, 1),
(298, 3),
(298, 5),
(298, 29),
(299, 1),
(299, 3),
(299, 5),
(299, 29),
(300, 1),
(300, 3),
(300, 5),
(300, 29),
(301, 1),
(301, 7),
(301, 8),
(302, 1),
(302, 7),
(302, 8),
(303, 6),
(303, 8),
(303, 9),
(303, 10),
(304, 5),
(304, 7),
(304, 8),
(304, 38),
(305, 1),
(305, 2),
(305, 4),
(306, 2),
(306, 7),
(306, 25),
(306, 32),
(307, 1),
(307, 7),
(307, 31),
(307, 32),
(308, 1),
(308, 2),
(308, 4),
(308, 32),
(308, 49),
(309, 2),
(309, 7),
(309, 38),
(310, 4),
(310, 32),
(311, 1),
(311, 3),
(311, 8),
(312, 4),
(312, 32),
(313, 8),
(313, 9),
(313, 10),
(313, 11),
(314, 1),
(314, 3),
(314, 8),
(315, 1),
(315, 3),
(315, 8),
(316, 3),
(316, 4),
(316, 5),
(316, 28),
(316, 38),
(316, 39),
(317, 1),
(317, 5),
(317, 8),
(317, 28),
(318, 2),
(318, 4),
(318, 31),
(318, 32),
(319, 1),
(319, 4),
(319, 5),
(319, 7),
(319, 49),
(320, 2),
(320, 4),
(320, 32),
(320, 51),
(321, 2),
(321, 3),
(321, 4),
(321, 24),
(321, 31),
(321, 32),
(322, 7),
(323, 2),
(323, 6),
(323, 9),
(323, 10),
(323, 11),
(324, 2),
(324, 18),
(325, 1),
(325, 2),
(325, 8),
(325, 9),
(325, 10),
(325, 11),
(326, 8),
(326, 9),
(326, 10),
(326, 11),
(327, 2),
(327, 4),
(327, 34),
(328, 2),
(328, 6),
(328, 10),
(328, 19),
(328, 38),
(329, 4),
(329, 5),
(330, 2),
(330, 3),
(330, 4),
(330, 24),
(331, 1),
(331, 5),
(331, 8),
(332, 1),
(332, 5),
(332, 8),
(332, 9),
(332, 49),
(333, 1),
(333, 5),
(333, 8),
(333, 9),
(333, 49),
(334, 1),
(334, 5),
(334, 7),
(335, 1),
(335, 2),
(335, 4),
(335, 32),
(336, 2),
(336, 7),
(337, 2),
(337, 38),
(338, 2),
(338, 4),
(339, 1),
(339, 2),
(339, 35),
(339, 42),
(340, 1),
(340, 2),
(340, 35),
(340, 42),
(341, 2),
(341, 7),
(342, 2),
(342, 4),
(342, 35),
(342, 43),
(343, 1),
(343, 2),
(343, 35),
(343, 38),
(343, 42),
(344, 2),
(344, 9),
(345, 2),
(345, 6),
(345, 7),
(345, 9),
(346, 1),
(346, 2),
(346, 4),
(346, 35),
(346, 42),
(347, 1),
(347, 4),
(347, 5),
(347, 8),
(348, 1),
(348, 3),
(348, 4),
(348, 5),
(348, 28),
(349, 2),
(349, 9),
(349, 10),
(349, 40),
(350, 2),
(350, 9),
(350, 11),
(350, 40),
(351, 7),
(351, 9),
(351, 11),
(351, 40),
(352, 1),
(352, 5),
(352, 8),
(352, 49),
(353, 1),
(353, 4),
(354, 1),
(354, 2),
(354, 4),
(354, 31),
(354, 32),
(355, 1),
(355, 2),
(355, 5),
(355, 15),
(356, 1),
(356, 2),
(356, 4),
(357, 1),
(357, 4),
(357, 31),
(357, 32),
(358, 1),
(358, 2),
(358, 4),
(358, 8),
(358, 15),
(359, 1),
(359, 2),
(359, 4),
(359, 8),
(359, 15),
(360, 12),
(360, 32),
(360, 38),
(361, 7),
(361, 11),
(361, 25),
(362, 7),
(362, 11),
(362, 25),
(363, 7),
(363, 11),
(363, 25),
(364, 7),
(364, 11),
(364, 40),
(365, 7),
(365, 11),
(365, 40),
(366, 1),
(366, 8),
(366, 9),
(366, 50),
(367, 5),
(367, 6),
(367, 7),
(367, 32),
(368, 2),
(368, 3),
(368, 4),
(368, 6),
(369, 1),
(369, 2),
(369, 6),
(369, 35),
(369, 42),
(369, 43),
(370, 2),
(370, 3),
(370, 4),
(371, 1),
(371, 2),
(371, 4),
(371, 24),
(371, 32),
(372, 2),
(372, 38),
(373, 2),
(373, 5),
(373, 37),
(374, 2),
(374, 9),
(374, 10),
(374, 11),
(374, 38),
(374, 50),
(375, 7),
(376, 2),
(376, 6),
(376, 7),
(377, 1),
(377, 4),
(377, 6),
(377, 7),
(378, 1),
(378, 2),
(378, 5),
(378, 7),
(378, 8),
(378, 10),
(378, 11),
(378, 49),
(379, 2),
(379, 4),
(379, 31),
(379, 32),
(380, 7),
(380, 11),
(381, 2),
(381, 17),
(382, 1),
(382, 4),
(382, 32),
(383, 2),
(383, 18),
(384, 2),
(385, 2),
(385, 5),
(385, 10),
(386, 1),
(386, 5),
(386, 7),
(386, 28),
(387, 1),
(387, 5),
(387, 7),
(387, 28),
(388, 7),
(388, 9),
(388, 10),
(388, 11),
(389, 1),
(390, 2),
(390, 4),
(390, 32),
(391, 2),
(391, 4),
(391, 42),
(391, 43),
(392, 2),
(392, 4),
(392, 31),
(393, 2),
(393, 4),
(393, 7),
(393, 31),
(394, 7),
(394, 11),
(394, 34),
(395, 2),
(395, 8),
(395, 10),
(395, 11),
(395, 40),
(396, 2),
(396, 4),
(396, 42),
(397, 1),
(397, 4),
(397, 7),
(397, 31),
(398, 1),
(398, 7),
(398, 31),
(399, 7),
(399, 8),
(399, 9),
(399, 10),
(399, 11),
(400, 1),
(400, 2),
(400, 42),
(400, 46),
(401, 1),
(401, 2),
(401, 4),
(402, 1),
(402, 5),
(402, 7),
(402, 9),
(402, 10),
(402, 11),
(403, 2),
(403, 38),
(403, 39),
(403, 44),
(404, 1),
(404, 2),
(404, 4),
(404, 22),
(405, 1),
(405, 7),
(405, 31),
(406, 1),
(406, 6),
(406, 7),
(406, 10),
(407, 2),
(407, 3),
(407, 4),
(407, 31),
(407, 32),
(408, 7),
(408, 32),
(409, 3),
(409, 4),
(409, 5),
(409, 28),
(410, 1),
(410, 2),
(410, 8),
(410, 9),
(411, 1),
(411, 2),
(411, 8),
(411, 9),
(412, 2),
(412, 8),
(412, 9),
(413, 1),
(413, 2),
(413, 4),
(413, 5),
(413, 35),
(413, 41),
(414, 4),
(414, 5),
(414, 8),
(414, 15),
(414, 28),
(415, 2),
(416, 1),
(416, 4),
(416, 30),
(416, 32),
(417, 8),
(417, 9),
(418, 2),
(418, 27),
(418, 38),
(420, 2),
(420, 7),
(420, 43),
(421, 1),
(421, 2),
(421, 4),
(422, 2),
(422, 35),
(422, 38),
(423, 1),
(423, 4),
(423, 9),
(423, 32),
(423, 43),
(424, 4),
(425, 2),
(425, 9),
(426, 1),
(426, 4),
(426, 15),
(426, 32),
(427, 6),
(427, 8),
(427, 9),
(427, 10),
(427, 11),
(427, 16),
(428, 1),
(428, 7),
(428, 9),
(428, 11),
(429, 2),
(429, 8),
(429, 9),
(429, 10),
(429, 11),
(430, 7),
(430, 8),
(430, 11),
(431, 1),
(431, 7),
(431, 11),
(432, 2),
(432, 4),
(432, 6),
(432, 32),
(432, 38),
(433, 2),
(433, 35),
(433, 42),
(433, 43),
(434, 4),
(434, 5);

-- --------------------------------------------------------

--
-- テーブルの構造 `movies`
--

CREATE TABLE IF NOT EXISTS `movies` (
  `id` int(11) NOT NULL AUTO_INCREMENT,
  `name` varchar(50) NOT NULL,
  `year` varchar(15) NOT NULL,
  `time` int(5) NOT NULL,
  `summary` varchar(155) NOT NULL,
  `eigacom` varchar(10) NOT NULL,
  `poster` varchar(10) NOT NULL,
  `catchcopy` varchar(60) NOT NULL,
  `trailer` varchar(15) NOT NULL,
  `score` int(10) NOT NULL,
  `created` datetime NOT NULL,
  `modified` datetime NOT NULL,
  PRIMARY KEY (`id`),
  UNIQUE KEY `name` (`name`)
) ENGINE=InnoDB  DEFAULT CHARSET=utf8 AUTO_INCREMENT=435 ;

--
-- テーブルのデータをダンプしています `movies`
--

INSERT INTO `movies` (`id`, `name`, `year`, `time`, `summary`, `eigacom`, `poster`, `catchcopy`, `trailer`, `score`, `created`, `modified`) VALUES
(1, 'イーグル・アイ', '2008年10月18日', 118, 'スティーブン・スピルバーグ製作総指揮の下、「ディスタービア」の主演シャイア・ラブーフ＆D・J・カルーソ監督が再タッグを組んだサスペンス・アクション大作。コピーショップで働く青年ジェリーと法律事務所に勤', '53744/', '1.jpeg', 'それは全てを見ている。しかし、その姿は決して見えない。', '1xzLMe6VAGc', 4, '2012-02-26 18:00:00', '2012-05-18 18:57:01'),
(2, 'セブン', '1996年1月27日', 126, '　退職を間近に控えたベテラン刑事サマセットと若手刑事ミルズは猟奇連続殺人事件の捜査にあたる。犯人はキリスト教における7つの大罪に基づいて殺人を繰り返していることが明らかに。やがてサマセットとミルズは容', '17531/', '2.jpeg', '「７つの大罪」は７人の死で完成する。', 'aaNMZYu0pII', 5, '2012-02-26 21:13:00', '2012-05-18 18:56:37'),
(3, 'アルマゲドン', '1998年12月12日', 150, '「ザ・ロック」でヒットを飛ばした監督Ｍ・ベイと製作Ｊ・ブラッカイマーが再び手を組んで送り出したSF映画の超大作。NASAはテキサス州に匹敵する大きさのアステロイド(小惑星)が時速３万５千キロで地球に接', '42262/', '3.jpeg', '世紀末、全人類にこの映画を捧ぐ。', 'iq6q2BrTino', 4, '2012-02-26 22:06:00', '2012-05-18 18:55:19'),
(4, 'バタフライ・エフェクト', '2005年5月14日', 113, '時間をさかのぼることで過去を変える力を持った青年が、初恋の女性を救うためにとんでもない運命をたどっていくサスペンスに満ちた感動スリラー。オリジナルなアイデアと洗練された演出で、観客を複雑なストーリーに', '52544/', '4.jpeg', 'きみを救うため、ぼくは何度でも過去に戻る。', 'uG_i9brhNAk', 5, '2012-02-26 23:01:00', '2012-05-18 18:54:34'),
(5, 'ブラックホーク・ダウン', '2002年3月30日', 145, '1993年に米軍が失敗したソマリアの将軍の捕獲作戦を、ノンフィクション小説を原作にリドリー・スコット監督が映画化。撮影は、クシシュトフ・キエシロフスキー監督とのコンビで知られるスワボミール・イジャック', '1020/', '5.jpeg', 'あなたはこの戦争に言葉を失う。しかし、知るべき時が来た。', 'gOfqGDpAt1E', 4, '2012-02-26 23:21:00', '2012-05-18 18:52:55'),
(6, 'ハングオーバー！　消えた花ムコと史上最悪の二日酔い', '2010年7月3日', 100, '結婚式を間近に控えたダグは、悪友2人と新婦の弟を連れ、独身最後の夜を満喫するためラスベガスへと向かう。翌日、酒やギャンブルでバカ騒ぎをした4人はひどい二日酔いで目覚め、前夜の記憶はすっぽりと抜けていた', '54531/', '6.jpeg', '昨日の記憶が、全くない！？　', 'wD15AXf-Nno', 5, '2012-02-26 23:31:00', '2012-05-19 10:28:20'),
(7, 'トイ・ストーリー', '1996年3月23日', 81, '６歳になるアンディの誕生日に、最新式のアクション人形バズ・ライトイヤーがやって来る。アンディのお気に入りのオモチャ、木製の操り人形のウッディは大好きなアンディをバズに取られてご機嫌ななめだ。そんなある', '47130/', '7.jpeg', '友情してる場合じゃないぜ！！', 'kc2-N7HCyco', 4, '2012-02-26 23:40:00', '2012-05-19 10:30:26'),
(8, 'トイ・ストーリー2', '2000年3月11日', 92, 'アンディの部屋のおもちゃ－カウボーイ人形のウッディとスペースレンジャーのバズは、今日も仲間と楽しい時間を過ごしていた。ところがある日、バザーに売りに出されたペンギン人形のウィージーを助けに行ったウッデ', '1869/', '8.jpeg', '２大スター、ふたたび共演！', 'Lu0sotERXhI', 5, '2012-02-26 23:51:00', '2012-05-19 10:30:21'),
(9, 'シティ・オブ・ゴッド', '2003年6月28日', 130, '原作は、初めてスラムの住民の視点からスラムの現実を描いた小説としてブラジルでベストセラーになった、パウロ・リンスの同名小説。これが第3作となる監督フェルナンド・メイレレスは、55年、ブラジル生まれ。主', '1336/', '9.jpeg', '信じられるか、これが現実だってことを！', 'g4pcfAXEZQg', 5, '2012-02-26 23:59:00', '2012-05-18 19:00:11'),
(10, '東京ゴッドファーザーズ', '2003年11月8日', 90, '前作「千年女優」の全米配給権がドリームワークスに取得されるなど、国内外で高い評価を受けている今敏監督の最新作。東京に暮らすホームレスの３人組が、様々な事件に巻き込まれながらも、置き去りにされた赤ん坊の', '40828/', '10.jpeg', '私の「名付け親(ゴッドファーザー)」は3人のホームレスでした― ', 'BKberUKvlsc', 5, '2012-02-27 00:10:00', '2012-05-18 19:12:52'),
(11, '情婦', '1957年', 117, '　アガサ・クリスティの短編「検察側の証人」の映画化。主演のマレーネ・デートリッヒたっての希望で、監督にはビリー・ワイルダーに白羽の矢がたった。ワイルダーにとっては初の法廷劇だが、彼の作品特有の悪女は今', '16146/', '11.jpeg', 'この映画の結末は誰にもお話になりませんよう。', 'なし', 5, '2012-02-27 00:32:00', '2012-05-19 10:29:20'),
(12, 'アイアンマン', '2008年9月27日', 125, '「スパイダーマン」「ハルク」などを生み出したマーベル・コミックの人気作品をロバート・ダウニー・Jr.主演で映画化、全米で大ヒットを記録したアメコミ映画。監督は「ザスーラ」のジョン・ファブロー。巨大軍事', '53456/', '12.jpeg', '装着せよ。強き自分。', 'EQN961LwSj8', 4, '2012-02-27 01:02:00', '2012-05-19 10:31:05'),
(13, 'トゥルーマン・ショー', '1998年11月14日', 103, '離れ小島の町シーヘブンで生まれ育ったトゥルーマンは妻や友人たちに囲まれ、保険会社のセールスマンとして何不自由ない平穏な暮らしを送っていた。だが、彼の生活は生まれた時から24時間年中無休で全世界にテレビ', '47169/', '13.jpeg', '全世界に放映中。知らぬは・・・', 'NkZM2oWcleM', 5, '2012-02-27 01:09:00', '2012-05-18 19:16:45'),
(14, 'マイノリティ・リポート', '2002年12月7日', 145, '2054年のワシントン。プリコグと呼ばれる予知能力者が未来の殺人を予知、犯罪予防局が未然に逮捕することで犯罪が90％減少していた。犯罪予防局のアンダートンは最もそのシステムを信じていたが、自分が見知ら', '1123/', '14.jpeg', '誰でも逃げる。', 'yWL3Uw7872s', 4, '2012-02-27 01:15:00', '2012-05-18 19:09:03'),
(15, 'インデペンデンス・デイ', '1996年12月7日', 145, '地球を征服するために巨大なUFOが世界各地を襲い、絶滅の危機に陥った人類が、団結して立ち向かうというSF大作。アメリカ各地に突如現れた巨大宇宙船。何の応答もせず、ただ浮かんでいるだけのその宇宙船が発す', '42521/', '15.jpeg', '宇宙に存在する 知的生命体は われわれ だけなのか… その疑問が ついに、解かれた！', 'NZZvtQtdbzM', 4, '2012-02-27 01:30:00', '2012-05-18 19:07:39'),
(16, 'アイ・アム・デビッド', '2005年2月19日', 99, '世界的ベストセラーとなったアン・ホルムの同名小説を映画化。自由を勝ち取るために収容所を抜け出した12歳の少年の、長く過酷な旅をスリリングに描く。さまざまな経験と出会いを通して、勇気と希望、信頼の大切さ', '52472/', '16.jpeg', '名前だけが唯一の持ちものだった。', 'U-ayK9m0f_Q', 3, '2012-02-27 01:39:00', '2012-05-18 19:26:13'),
(17, 'アイ・アム・レジェンド', '2007年12月14日', 100, 'これまでにも2度映画化されたリチャード・マシスンの名作SF小説「地球最後の男」を、ウィル・スミス主演で映画化。人類が死に絶えた2012年の地球。ニューヨークでたった1人生き残った科学者ネビルは、愛犬サ', '53135/', '17.jpeg', '地球上に、人類は1人だけになった。 ', 'BpB5eoum5K4', 3, '2012-02-27 01:50:00', '2012-05-18 19:25:13'),
(18, 'アイデンティティー', '2003年10月25日', 90, '豪雨のために交通が遮断され、さびれたモーテルに泊まることになった10人の男女は、若いカップル、わがままな女優とそのマネージャー、囚人と彼を護送する刑事、子供連れの夫婦など。まもなく女優が行方不明になり', '1445/', '18.jpeg', 'ここに集まったのではない。 ここに集められたのだ。', 'xykITLtZyvc', 5, '2012-02-27 02:03:00', '2012-05-19 07:38:00'),
(19, '相棒　劇場版　絶体絶命！42.195km 東京ビッグシティマラソン', '2008年5月1日', 117, '警視庁特命係に所属する名コンビの奮闘を描き好評を博したテレビドラマの劇場版。とある女性議員の警護を命じられた右京と薫は、爆発物で狙われた彼女を危機一髪で救う。事件が連続殺人の一部だと突き止めた2人は捜', '53325/', '19.jpeg', '必ず、追いつめてみせます。', 'wofyKJRg_94', 3, '2012-02-27 02:11:00', '2012-05-20 00:27:44'),
(20, '相棒　劇場版II 警視庁占拠！特命係の一番長い夜', '2010年12月23日', 119, '2000年のテレビ初放送から10周年を迎えた大ヒット刑事ドラマ「相棒」の劇場版第2弾。主役コンビの水谷豊と及川光博のほか、ゲスト陣には小西真奈美、小澤征悦らがそろう。警視庁本部内で、警視総監や副総監ら', '55547/', '20.jpeg', 'あなたの正義を問う。', 'tzZb7ya42to', 4, '2012-02-27 02:23:00', '2012-05-20 00:27:37'),
(21, 'アイランド', '2005年7月23日', 136, '「アルマゲドン」「パール・ハーバー」のマイケル・ベイ監督が初めて大物プロデューサージェリー・ブラッカイマーと離れて監督するSFサスペンス。大気汚染から守られた清潔な都市で暮らす人々のあこがれは、日々行', '1094/', '21.jpeg', '生きのびろ、地上でもっともピュアな魂。', 'ZtyC3jFh6eM', 1, '2012-02-27 02:33:00', '2012-05-18 19:39:55'),
(22, 'アイ，ロボット', '2004年9月18日', 115, '人間とロボットが共存する2035年のシカゴ。ひとりの科学者が謎の死を遂げ、刑事デルは一体のロボットに疑念を抱いて捜査を進めるが……。「ロボット3原則」を提唱したアイザック・アシモフの「われはロボット」', '1093/', '22.jpeg', 'ルールは破られた、未来は 守れるか。', 'GwInobcKJKs', 4, '2012-02-27 14:47:00', '2012-05-18 19:38:24'),
(23, 'アサルト13 要塞警察', '2006年2月18日', 110, 'ジョン・カーペンター監督の「要塞警察」（76）のリメイク。デトロイトの13分署に凶悪犯が輸送されて来た夜、謎の武装集団が襲ってくる。「トレーニング・デイ」のイーサン・ホーク、「マトリックス」のローレン', '1266/', '23.jpeg', '脱出劇アクションの頂点、遂に誕生!!!', 'bvBVGeNY1W4', 3, '2012-02-27 14:53:00', '2012-05-19 10:32:11'),
(24, 'あずみ', '2003年5月10日', 142, '江戸初期。戦争孤児10人が、徳川家の命で最強の刺客として育てられ、仲間同士で殺し合うという過酷な試練を経て、大名暗殺の指令を受ける。監督は、高校を中退してオーストラリアに留学、長編第1作「VERSUS', '1271/', '24.jpeg', '最初の使命は、愛する友を 殺すこと。', 'wZM_rjlVOCU', 3, '2012-02-27 15:03:00', '2012-05-20 01:59:37'),
(25, 'あたしンち', '2003年12月6日', 90, 'けらえいこ原作の大人気アニメが、今度はスクリーンに登場。些細なことにも一生懸命で、パワフルな母を中心に、父、ユズヒコ、みかんのお騒がせ４人家族、タチバナ家に巻き起こる珍騒動をコミカルに描く。今回の劇場', '40899/', '25.jpeg', '祝 ''母''スクリーンデビュー♪ この冬タチバナ家になにか がおこる!', 'なし', 2, '2012-02-27 15:10:00', '2012-05-18 19:28:51'),
(26, 'APPLESEED アップルシード', '2004年4月17日', 105, '「GHOST IN THE SHELL 攻殻機動隊」の士郎正宗によるSFコミックを、モーションキャプチャーと3DCGを駆使してアニメーション映画化。西暦2131年、女兵士のデュナン・ナッツはサイボーグ', '40978/', '26.jpeg', '戦いが終わったら、母になりたい。', '4rGZbWPauww', 2, '2012-02-27 15:19:00', '2012-05-18 19:51:34'),
(27, 'アトランティス／失われた帝国', '2001年12月8日', 95, 'ウォルト・ディズニー生誕100周年を記念して作られたアドベンチャー・アニメ。水没した幻の大陸アトランティスを目指す冒険の数々やスペクタクル・シーンが、ディズニーの伝統的な2Dとデジタルの3Dを融合させ', '51237/', '27.jpeg', 'まだ誰も知らない史上最大の「謎」・・・。', 'GkrkTgICzHM', 2, '2012-02-27 15:24:00', '2012-05-19 10:32:53'),
(28, 'アトランティスのこころ', '2002年5月18日', 101, 'Ｓ・キングの同名小説をもとに、孤独な少年と謎めいた老人の心の交流を描く感動のファンタジー。父を亡くし、母の愛も受けられず寂しい思いをしている11歳の少年ボビーの家に、老紳士テッドが下宿することになる。', '51557/', '28.jpeg', '不思議な力がむすびつけた　ひとりの男と少年の　こころの奇跡の物語。', 'Ub1Mwor2QTg', 2, '2012-02-27 15:29:00', '2012-05-18 19:48:19'),
(29, 'アナコンダ', '1997年9月13日', 89, '文化人類学者ケイルは伝説のインディオを発見しようと、撮影隊を率いてアマゾンへやって来た。一行は船でアマゾン川の支流ネグロ川を溯っていく途中、ボートが座礁して困っていたサローンという男を同乗させる。数日', '42072/', '29.jpeg', 'まだ人類は、その存在を知らない。', 'zXzL224UKBc', 3, '2012-02-27 15:40:00', '2012-05-18 19:45:26'),
(30, 'アナコンダ2', '2005年3月5日', 97, '''97年にジェニファー・ロペスが主演した動物パニック映画の続編。今回のキャストはほぼ無名ながら、密林を訪れた人間たちに容赦なく襲いかかるヘビが質量共にパワーアップ。アニマトロニクスとCGで生命を吹き込', '52502/', '30.jpeg', '這いずり回る恐怖、大増殖。', 'FS_BtAABci4', 2, '2012-02-27 15:47:00', '2012-05-18 19:43:00'),
(31, 'アバウト・ア・ボーイ', '2002年9月14日', 102, '親の遺産で暮らす38歳無職の独身男ウィルの苦手なものは「責任」。が、情緒不安定の母親と2人暮らしのイジメられっ子、12歳のマーカスと出会い、人生観が変わっていく。「アメリカン・パイ」のポール＆クリス・', '1238/', '31.jpeg', '「ブリジットジョーンズの日記」の男性版。', '-apwoGTpi7E', 4, '2012-02-27 15:54:00', '2012-05-18 22:14:27'),
(32, 'アバター', '2009年12月23日', 162, '巨匠ジェームズ・キャメロンが「タイタニック」（97）以来12年ぶりに放つ、デジタル3DによるSF超大作。22世紀、地球から遠く離れた惑星パンドラへとやってきた元海兵隊員ジェイクは、自らの分身となる“ア', '53184/', '32.jpeg', '観るのではない 。そこにいるのだ。もうひとつの体。もうひとつの運命。', '8-XXDzOJ1m8', 5, '2012-02-27 16:02:00', '2012-05-18 20:01:32'),
(33, 'アラジン', '1993年8月7日', 90, 'ディズニー・スタジオが最新のアニメーション技術を駆使して作り上げた冒険ファンタジー。貧しくも希望にあふれる青年アラジンは、魔法の洞窟で不思議なランプを手に入れ、その中から現れた魔法使いのジーニーに“３', '42198/', '33.jpeg', '愛は冒険を生む。冒険が愛を育てる。', 'QapaqcDucmg', 3, '2012-02-27 16:21:00', '2012-05-19 10:33:26'),
(34, 'アンブレイカブル', '2001年2月10日', 107, 'フィラデルフィアで起こった悲惨な列車衝突事故。131人の乗員・乗客が死亡したこの事故で、デビッドはただ1人、傷ひとつ負わず奇跡的に死を免れた。「なぜ、俺だけが？」　やがてイライジャと名乗る男が現れ、デ', '1207/', '34.jpeg', '真実を知る覚悟はあるか。', 'R_f1uCWKZQs', 3, '2012-02-27 16:27:00', '2012-05-19 07:00:22'),
(35, 'イーオン・フラックス', '2006年3月11日', 93, '90年代にMTVで放送された人気アニメを「モンスター」のアカデミー女優シャーリーズ・セロン主演で映画化。西暦2415年、外界から壁で隔離された都市ブレーニャには病気も飢えもなかったが、独裁政治により思', '1242/', '35.jpeg', 'イーオン、キミに泣いている暇はない。', 'Ivqm96rXf7w', 1, '2012-02-27 16:34:00', '2012-05-18 19:54:56'),
(36, '硫黄島からの手紙', '2006年12月9日', 141, 'クリント・イーストウッド監督が、太平洋戦争最大の激戦だったといわれる硫黄島の戦いを日米双方の視点から描く映画史上初の2部作。アメリカ側から硫黄島を描いた「父親たちの星条旗」と対をなす本作は、硫黄島の戦', '33345/', '36.jpeg', '届けられなかった数百通の手紙。彼らはそこに、何を託したのか―。', 'a_Tqzb9eO00', 4, '2012-02-27 16:39:00', '2012-05-19 07:04:02'),
(37, 'イカとクジラ', '2006年12月2日', 81, '「ライフ・アクアティック」の脚本家ノア・バームバックが、86年のニューヨーク・ブルックリンを舞台に、ある家族の崩壊を滑稽に描いた自伝的悲喜劇。落ち目のインテリ作家である父親バーナードと「ニューヨーカー', '1704/', '37.jpeg', '全米が笑って泣いた！ 映画＆文学＆ロックと“不完全家族”に愛を込めて。', '16IgiSddTIA', 3, '2012-02-27 16:45:00', '2012-05-18 20:21:30'),
(38, 'イキガミ', '2008年9月27日', 133, '間瀬元朗の同名コミックの映画化。1000人に1人の確率で若者を選び命を奪う「国家繁栄維持法」が存在する世界では、国民の生命価値を高めることで社会の生産性を向上できると信じられている。政府より発行される', '53546/', '38.jpeg', '人生最期の２４時間、あなたは誰のために生きますか？', 'I2FFG9b5rk0', 3, '2012-02-27 16:53:00', '2012-05-19 10:34:18'),
(39, '愛しのローズマリー', '2002年6月1日', 114, '面食いのハルは、精神治療士に「外見ではなく、内面の姿が見える」催眠術をかけられるが、自分はそれに気づかず、街で出会ったローズマリーに一目惚れ。しかし、ローズマリーの外見は極度の肥満体だった。監督は「ジ', '1642/', '39.jpeg', '嘘のような ほんとの ラブ・ストーリー 。', 'IrTGYuxbTMc', 3, '2012-02-27 17:00:00', '2012-05-19 10:34:12'),
(40, 'インクレディブル・ハルク', '2008年8月1日', 112, '実験中に大量の放射能を浴びた科学者ブルース・バナーは、感情が高まると緑色の超人ハルクに変身するという特異体質になってしまう。元の体に戻るべく治療方法を探すブルースだったが、その驚異的なパワーに目をつけ', '53199/', '40.jpeg', 'その『力』、ためらうな。', 'I6FHGBWqgYo', 4, '2012-02-27 17:08:00', '2012-05-30 02:02:46'),
(41, 'インサイド・マン', '2006年6月10日', 128, '「マルコムX」「ラストゲーム」のスパイク・リー監督とデンゼル・ワシントンのコンビが、共演にジョディ・フォスターとクライブ・オーウェンを迎えた犯罪サスペンス。マンハッタンの銀行で強盗事件が発生。警察、銀', '33566/', '41.jpeg', 'それは、一見誰が見ても完璧な銀行強盗に思われた…。', '8LWG-ul0rJE', 4, '2012-02-27 17:13:00', '2012-05-20 13:10:11'),
(42, 'インソムニア', '2002年9月7日', 119, '「メメント」のクリストファー・ノーランの長編第3作は97年の同名ノルウェー映画のリメイク。製作総指揮にスティーブン・ソダーバーグとジョージ・クルーニーが参加。白夜の季節のアラスカの小さな町で、全裸の少', '1453/', '42.jpeg', '6日間眠れないほどのあまりにも異常な事件。', 'd1_mETVsCac', 2, '2012-02-27 21:04:00', '2012-05-20 13:10:17'),
(43, 'インディ・ジョーンズ　クリスタル・スカルの王国', '2008年6月21日', 122, '89年のシリーズ第3作「インディ・ジョーンズ／最後の聖戦」以来19年ぶりの続編となる今回は、米ソ冷戦下の1957年を舞台に、南米アマゾンの山奥に眠る秘宝クリスタル・スカルを巡って、考古学者インディ（ハ', '1891/', '43.jpeg', '全世界待望ー新たなる 秘宝を求め、史上空前の冒険が始まる！', '8aUg44Ho7Aw', 4, '2012-02-27 21:08:00', '2012-05-19 10:35:12'),
(44, 'イントゥ・ザ・ブルー', '2005年11月5日', 111, '貧乏ながらも恋人のサム（ジェシカ・アルバ）と幸せな日々を送っているジャレッド（ポール・ウォーカー）は、いつか財宝を積んだ沈没船を見つけることを夢見ている。そんなある日、ジャレッドはカリブ海でダイビング', '34261/', '44.jpeg', 'カリブの海に沈んでいた、欲望とロマン。', 'Mz_5mynU574', 3, '2012-02-27 21:15:00', '2012-05-18 21:48:05'),
(45, 'イン・ハー・シューズ', '2005年11月12日', 131, 'キャメロン・ディアス演じるモテモテだけど無職のマギーは、優秀な弁護士だけど恋はうまくいかない姉ローズと大喧嘩して家を追い出され、祖母と共に暮らしながら本当の自分に気づく。姉ローズ役は「アバウト・ア・ボ', '1450/', '45.jpeg', '私たちは何度もすりむいて、自分だけの“靴”をみつける。', 'J6Z3mb0ez08', 4, '2012-02-27 21:21:00', '2012-05-18 21:45:22'),
(46, 'インビジブル', '2000年10月14日', 112, '天才的だが傲慢な科学者セバスチャンは、政府から最高機密プロジェクトを任されていた。目標は人間を透明にすること。彼はすでに透明化する血清を発明、動物を透明にするところまでこぎつけていた。問題はいかに元に', '1092/', '46.jpeg', '姿は見えないが、殺意は見える。', '4Eec1AEq2rs', 3, '2012-02-27 21:24:00', '2012-05-18 22:08:51'),
(47, 'WXIII〈ウェイステッドサーティーン〉機動警察パトレイバー', '2002年3月30日', 100, '近未来SFアニメ・シリーズの劇場版第３作。原作コミックのなかでも特にファンの人気が高い『廃棄物13号』をもとに、シリアスなドラマが繰り広げられていく。城南署の刑事・久住と秦は、東京湾で続発している何者', '40511/', '47.jpeg', '魂を売ってでも、手に入れたい愛がある。', 'FcJzD8juf-k', 1, '2012-02-27 21:30:00', '2012-05-18 22:07:33'),
(48, 'ウォーターボーイ', '1998年', 89, 'ハリウッドの人気コメディアン、Ａ・サンドラー主演作で、1998年度の全米興行収入５位という大ヒットを飛ばしたコメディ。猛烈なママと二人暮らしのマザコン気味の小心男ボビーは名門大学のアメフト・チームのウ', '42612/', '48.jpeg', 'イジメられっ子世にはばかる。', 'なし', 3, '2012-02-27 21:36:00', '2012-05-18 22:03:53'),
(49, 'ウォルター少年と､夏の休日', '2004年7月10日', 110, '夏休みを田舎で過ごす少年と、二人の老人の交流を温かい視点で綴ったヒューマン・ドラマ。無愛想でガンコな老人コンビが語る、戦時の思い出。それは少年の想像力を通して、壮大な冒険劇となる――そんな昔話と現在の', '52232/', '49.jpeg', '少年の心にさしこんだ、 夏の光のような出会い。', 'hzElnBgsr0s', 5, '2012-02-27 21:43:00', '2012-05-18 22:00:44'),
(50, 'ウォンテッド', '2008年9月20日', 110, 'マーク・ミラーのグラフィックノベルを、「ナイト・ウォッチ」のロシア人監督ティムール・ベクマンベトフが映画化したアクション大作。冴えない日常を送っていたウェスリーの前に突然現れた、謎の暗殺組織“フラタニ', '53560/', '50.jpeg', '1を倒して 1000を救う。', 'Oy_omMczgvU', 3, '2012-02-27 21:49:00', '2012-05-18 21:56:26'),
(51, 'ラブ・アクチュアリー', '2004年2月7日', 134, '「ブリジット・ジョーンズの日記」「ノッティング・ヒルの恋人」「ビーン」の脚本家兼製作者リチャード・カーティスの監督デビュー作。クリスマス間近のロンドンを舞台に、英国首相からプータローまで、老人から11', '1115/', '51.jpeg', '１９人が織り成すそれぞれの愛のカタチ――それはあなたの物語（ストーリー）。', 'SzE7dnGyHwA', 4, '2012-04-12 20:51:00', '2012-05-18 22:24:13'),
(52, '私の頭の中の消しゴム', '2005年10月22日', 117, '「ラブストーリー」「四月の雪」の人気女優ソン・イェジンと「MUSA／武士」のチョン・ウソン共演で描く純愛ストーリー。建設会社の社長の娘スジンは、建築家志望のチョルスと出会って恋に落ちて結婚、幸せな新婚', '1473/', '52.jpeg', '「彼女の記憶が消えるとき、 愛までも消えてしまうのだろうか。」', 'sslHguoOwPM', 4, '2012-04-12 21:11:00', '2012-05-18 22:22:50'),
(53, '猟奇的な彼女', '2003年1月25日', 122, '原作は、1999年に大学生のキム・ホシクがパソコン通信の掲示板に書き込んだちょっとヘンな女の子とのデート体験談。これが人気を呼んで単行本化され、ベストセラーに。映画も恋愛映画では韓国映画史上歴代第1位', '1554/', '53.jpeg', '史上最強にキュートで凶暴な"彼女"、遂に日本上陸！', 'OOQEF1nEhig', 4, '2012-04-12 21:15:00', '2012-05-18 22:24:22'),
(54, 'ハリー・ポッターと賢者の石', '2001年12月1日', 152, 'J・K・ローリングの同名ベストセラー・シリーズの映画化第１弾。闇の魔法使いのために、偉大な魔法使いだった両親を失い、魔法嫌いの叔母夫婦の家庭で育った11歳のハリー。彼は魔法魔術学校に入学し、自分の能力', '1076/', '54.jpeg', 'ハリー・ポッターが日本中のスクリーンに魔法をかける！', 'WwuXGsTOr54', 3, '2012-04-12 21:32:00', '2012-05-19 10:37:37'),
(55, 'ハリー・ポッターと秘密の部屋', '2002年11月23日', 161, '大ヒットシリーズ第2弾。ホグワーツ魔法学校の2年生の新学期を迎えようとするハリーの前に、屋敷しもべ妖精ドビーがやってきて「学校に戻ってはいけない」と止めるが、ハリーは学校へ。やがて「殺してやる」という', '1077/', '55.jpeg', 'ドビーめは警告しに参りました。', '0ylXdKwVNrE', 4, '2012-04-12 23:19:00', '2012-05-19 10:37:31'),
(56, 'ハリー・ポッターとアズカバンの囚人', '2004年6月26日', 142, 'ホグワーツ魔法魔術学校の3年生になるハリー。人々の噂では、囚人シリウス・ブラックがアズカバン監獄を脱獄し、ハリーの命を狙っているという。ホグワーツにはブラックを捕縛するためという名目で、アズカバン監獄', '1078/', '56.jpeg', '僕らは、変わる。', 'BUWqIt1SExs', 3, '2012-04-12 23:36:00', '2012-05-19 10:37:25'),
(57, 'ハリー・ポッターと炎のゴブレット', '2005年11月26日', 157, 'ホグワーツの4年生になった14歳のハリーは、3大魔法学校対抗試合に出場することになるが、その背後にはついに復活しようとする闇の魔法使いヴォルデモート卿の陰謀があった。ヴォルデモート卿役で「シンドラーの', '1079/', '57.jpeg', '闇の帝王、現る。', 'C2NdPJhfovM', 3, '2012-04-12 23:41:00', '2012-05-19 10:37:17'),
(58, 'ハリー・ポッターと不死鳥の騎士団', '2007年7月20日', 138, '前作で闇の帝王ヴォルデモート卿（レイフ・ファインズ）の復活を目の当たりにしたハリー（ダニエル・ラドクリフ）だが、魔法省はその事実を認めようとしない。ハリーは、来るべき戦いに備え、有志の生徒を集めて魔法', '1888/', '58.jpeg', 'ハリーの本当の秘密、解禁。', 'efm29EZvASs', 3, '2012-04-12 23:45:00', '2012-05-18 22:29:16'),
(59, 'ハリー・ポッターと謎のプリンス', '2009年7月15日', 154, '人気シリーズ第6作。ハリーの宿敵ヴォルデモートの過去が描かれる。幼少期のヴォルデモート＝トム・リドルを演じるのは、レイフ・ファインズの甥ヒーロー・ファインズ・ティフィン。ヴォルデモートとの最終決戦が迫', '53228/', '59.jpeg', 'クライマックスは、ここから始まる!', '6HOUtheOQnY', 3, '2012-04-12 23:48:00', '2012-05-19 10:36:48'),
(60, 'ハリー・ポッターと死の秘宝 PART1', '2010年11月19日', 146, 'J・K・ローリングの児童小説を映画化した大ヒットシリーズ「ハリー・ポッター」の最終章前編。ヴォルデモートの復活により魔法界に暗雲がたちこめるなか、打倒のカギとなる“分霊箱”を探す旅に出たハリー、ロン、', '53520/', '60.jpeg', 'ついに、完結へ。', 'uC5CcDwNoA4', 4, '2012-04-12 23:55:00', '2012-05-19 10:37:09'),
(61, 'ハリー・ポッターと死の秘宝 PART2', '2011年7月15日', 130, 'J・K・ローリングによる世界的ベストセラーシリーズを映画化した最終章2部作の完結編。魔法省やホグワーツ魔法魔術学校までもが死喰い人の支配下に落ちる中、ハリー、ロン、ハーマイオニーは、ヴォルデモート打倒', '54734/', '61.jpeg', 'これが、最後。', 'Gky8xHHSiqE', 4, '2012-04-12 23:58:00', '2012-05-18 22:34:30'),
(62, 'いま、会いにゆきます', '2004年10月30日', 113, '梅雨の６週間だけ亡くなったはずの妻が戻ってくるという、奇跡の感動物語でベストセラーとなった市川拓司の同名小説を映画化。『ビューティフルライフ』『オレンジデイズ』など人気TVドラマを手掛け、演出力に定評', '41168/', '62.jpeg', '雨とともに訪れた、6週間の奇蹟。', 'UIqr0InncgA', 4, '2012-04-16 13:08:00', '2012-05-18 22:44:06'),
(63, '花より男子ファイナル', '2008年6月28日', 131, '神尾葉子の人気コミックをテレビドラマ化し高視聴率を記録した「花より男子」の劇場版。井上真央、松本潤、小栗旬ほかテレビ版でおなじみのキャストやスタッフが再結集し、原作にはないエピソードを描き出す。道明寺', '53302/', '63.jpeg', 'ハッピーエンドは３度ない?!', 'UlSqhwrNt5M', 2, '2012-04-16 13:15:00', '2012-05-18 22:42:26'),
(64, 'LIMIT OF LOVE 海猿', '2006年5月6日', 117, '若き海上保安官たちの活躍を描いて話題となった映画「海猿」（2004）、その続編のTVドラマ「海猿 EVOLUTION」（05）に続くシリーズ。潜水士になって2年がたった仙崎は、異動先の鹿児島・第十管区', '41661/', '64.jpeg', '愛でしか、救えない。', 'なし', 2, '2012-04-16 13:56:00', '2012-05-19 07:11:21'),
(65, 'THE LAST MESSAGE 海猿', '2010年9月18日', 129, '海難現場の最前線を描き、大ヒットを記録した「海猿」シリーズの完結編で初の3D作品。シリーズを通じ、監督を羽住英一郎、主演を伊藤英明が務める。大型台風が接近するなか、巨額を投じた国家プロジェクトの天然ガ', '54785/', '65.jpeg', '愛する人に 何を残すか──。', 'Qi6DNmpl7Bc', 2, '2012-04-16 14:04:00', '2012-05-19 10:38:29'),
(66, '踊る大捜査線 THE MOVIE', '1998年10月31日', 119, 'TVで人気を博した刑事ドラマの劇場版。同時期に発生した４つの事件が複雑に絡み合っていく様を軽妙なストーリー展開で描き出し大ヒットとなった。署管轄の川で男の水死体が発見され、対応に追われる湾岸署内で何者', '35330/', '66.jpeg', '湾岸署史上最悪の３日間！', 'Fq6iuLkboi4', 2, '2012-04-16 14:08:00', '2012-05-19 07:16:05'),
(67, '踊る大捜査線 THE MOVIE 2 レインボーブリッジを封鎖せよ！', '2003年7月19日', 138, '大ヒットした前作の5年後を舞台に、前作の主要キャスト＆スタッフが再結集。観光名所となったお台場では、凶悪事件が続発。やがて殺人事件が発生し、湾岸所轄内の殺人事件特設本部長に初の女性管理官、沖田警視正（', '1138/', '67.jpeg', '捜査に信念を。 所轄に愛を。 現場に正義を。 接待にモナカを。', 'B5bQ45L-J64', 2, '2012-04-16 14:13:00', '2012-05-19 10:38:13'),
(68, '踊る大捜査線 THE MOVIE 3 ヤツらを解放せよ！', '2010年7月3日', 141, '織田裕二主演の大ヒットシリーズ7年ぶりの第3弾。前作に引き続き、君塚良一が脚本を、本広克行が監督を務める。係長に昇進した青島俊作刑事は、出世直後に殺人事件・爆弾魔・バスジャック・強盗など、8つの難事件', '55165/', '68.jpeg', '湾岸署、封鎖されちゃいました。', '8Q2V7vkcuyE', 1, '2012-04-16 14:19:00', '2012-05-19 07:20:59'),
(69, '海の上のピアニスト', '1999年12月18日', 125, '1900年。豪華客船ヴァージニアン号の機関士ダニーは、ダンスホールのピアノの上に置き去りにされた赤ん坊を見つけ、その子に“ナインティーン・ハンドレッド”と名付けて自分で育て始める。船という揺りかごです', '1793/', '69.jpeg', '音楽は彼を選び、彼は海を選んだ。', 'iBsCJv7MC-Y', 4, '2012-04-16 15:13:00', '2012-05-19 07:24:39'),
(70, '裏窓', '1955年', 113, '　ヒッチコックの最高傑作と評される一級サスペンス。自由気ままな生活を送っていたカメラマンがケガをし、車いすの生活を強いられる。部屋から一歩も出られず暇を持て余した彼は、隣人の生活をのぞき見る楽しさを覚', '5440/', '70.jpeg', 'ヒッチコックが技巧の極みを尽くした傑作サスペンス。', 'MW0y7i2AyNU', 4, '2012-04-16 15:18:00', '2012-05-19 07:24:11'),
(71, 'ウルヴァリン：X-MEN ZERO', '2009年9月11日', 108, '大ヒットアクション「X-MEN」シリーズの人気キャラクター、ヒュー・ジャックマン扮するウルヴァリンの過去を描く物語。驚異の肉体再生能力と戦闘力を持つ兄ビクターと弟ローガンは、150年以上に渡り共に生き', '53236/', '71.jpeg', '切り裂かれた運命を変えろ｡', 'VuBg9ar92Oo', 4, '2012-04-16 15:32:00', '2012-05-20 13:11:01'),
(72, '運命の女', '2003年1月11日', 124, '会社を経営する夫エドワードと9歳の息子と平穏な日々を過ごしていた専業主婦のコニー。が、ある日、ブックディーラーのフランス青年ポールと出会い、情事を重ねるようになる。やがて彼女の夫もそれを知るが。監督は', '1725/', '72.jpeg', 'あなたはどこに行くの… あまりにも行き過ぎてしまった時に？', 'lXwcElenEMQ', 2, '2012-04-16 15:42:00', '2012-05-19 07:37:40'),
(73, 'エイリアンVS.プレデター', '2004年12月18日', 100, '南極の地下深くに地球最古のピラミッドが発見されるが、そこは宇宙からやってきたプレデターが、成長の儀式のためにエイリアンと戦う場所だった。企画は10数年前から存在していたが実現しなかった、人気SFシリー', '1014/', '73.jpeg', '――どちらが勝っても…人類に未来はない。', 'xflTye7eVjk', 2, '2012-04-16 15:54:00', '2012-05-19 07:34:03'),
(74, 'A.I.', '2001年6月30日', 146, 'テクノロジーが天文学的なペースで発達した近未来。人間は“感情”以外の面において万能なロボットを召使いとする生活を送っていた。そんなとき、サイバートロニクス社は世界で初めて“愛する”ことをインプットした', '1004/', '74.jpeg', 'デイビッドは１１歳 体重２７キロ 身長１３７センチ 髪の色、ブラウン', 'sqS83f-NUww', 2, '2012-04-16 15:59:00', '2012-05-19 07:31:21'),
(75, 'ヱヴァンゲリヲン新劇場版：序', '2007年9月1日', 98, '1995～96年に放送され、社会現象を巻き起こしたTVアニメ「新世紀エヴァンゲリオン」を、新たに4部作の劇場版として構成する「新劇場版」の第1部。原作・総監督はTV版に続いて庵野秀明が務め、「日本沈没', '34139/', '75.jpeg', 'YOU ARE(NOT) ALONE.', 'A7z3FpezbkI', 4, '2012-04-16 16:06:00', '2012-05-19 07:29:29'),
(76, 'ヱヴァンゲリヲン新劇場版：破', '2009年6月27日', 108, '社会現象を巻き起こしたTVアニメ「新世紀エヴァンゲリオン」を新たに描き直す劇場版4部作の第2部。汎用ヒト型決戦兵器エヴァンゲリオンに乗り、自ら戦うことを選んだ14歳の少年、碇シンジ。そんな彼のもとに、', '53380/', '76.jpeg', 'YOU CAN(NOT) ADVANCE.', 'hh9bJqJ_NHY', 5, '2012-04-16 16:16:00', '2012-05-19 07:27:12'),
(77, 'ガメラ３・邪神〈イリス〉覚醒', '1999年3月6日', 108, '金子修介による新生“ガメラ”シリーズの第３作。４年前にガメラと死闘を繰り広げた怪鳥ギャオスが大量発生し、渋谷の街が破壊される。折しも、かつての激戦で両親を失って以来、ガメラを恨み続ける中学生の綾奈は、', '35682/', '77.jpeg', '私はガメラを許さない', 'WZjJSqwScQ0', 3, '2012-04-16 18:32:00', '2012-05-19 08:34:11'),
(78, 'ガメラ２・レギオン襲来', '1996年7月13日', 100, '「ガメラ　大怪獣空中決戦」(1995)で復活した、新生ガメラの第２作。札幌近郊に隕石が落下し、自衛隊科学チームが調査に行くが、隕石を発見できなかった。その後、札幌周辺で怪事件が続発。地下鉄の中で人間大', '35681/', '78.jpeg', '消滅するのは、日本か、レギオンか', '0X1pBlEDGVk', 5, '2012-04-16 18:39:00', '2012-05-20 13:12:00'),
(79, 'ガメラ 大怪獣空中決戦', '1995年3月11日', 99, 'ガメラ生誕30年を記念して、14年ぶりに復活した新生ガメラ。敵は、第３作で登場したギャオスだが、旧作のイメージを一新、超古代文明の遺伝工学が生み出した、異常な繁殖能力と三段進化で人類を破滅の恐怖に陥れ', '35680/', '79.jpeg', '超音速の大決闘', 'Rm53ws0W-WQ', 3, '2012-04-16 18:44:00', '2012-05-19 07:46:52'),
(80, '借りぐらしのアリエッティ', '2010年7月17日', 94, 'イギリスの女流作家メアリー・ノートンの児童文学「床下の小人たち」を、スタジオジブリが映画化。監督は「千と千尋の神隠し」「ハウルの動く城」「崖の上のポニョ」で原画、「ゲド戦記」で作画監督補を務めた米林宏', '55169/', '80.jpeg', '人間に見られてはいけいない。', 'BZqVL8ryhJQ', 3, '2012-04-16 18:59:00', '2012-05-19 07:59:09'),
(81, 'キャットウーマン', '2004年11月3日', 104, '「ヴィドック」のフランス人監督ピトフがアメコミ映画化に挑戦、コミックを踏まえつつ、独自のキャットウーマン像を創造。内気な広告デザイナー、ペイシェンスは彼女が勤める化粧品会社の企業秘密を知ったことから抹', '1327/', '81.jpeg', '全ての女には野性の猫が棲む。', 'ePgLOVNMSTo', 1, '2012-04-17 20:46:00', '2012-05-19 07:57:29'),
(82, 'キッド', '2000年9月23日', 104, 'イメージ・コンサルタントとして成功を収めているラスのもとに、８歳のころの自分と名乗る少年が現れた。少年を消すために様々な方策を練るうちに、自分は子供のころの夢を何一つ叶えていないことに気付き……。忘れ', '43676/', '82.jpeg', '今のあなたは、“あの頃なりたかった大人”ですか？', 'wlP-eJM20c8', 4, '2012-04-17 20:53:00', '2012-05-19 07:55:35'),
(83, '機動警察パトレイバー2 the Movie', '1993年8月7日', 113, '押井守監督が手がけた人気オリジナルビデオアニメーション「機動警察パトレイバー」の劇場版第2作。2002年、突如として横浜ベイブリッジが爆破される事件が発生。自衛隊機によるものと報道されるが、該当する機', '35882/', '83.jpeg', '世界が息を呑んだ＜TOKYOウォーズ＞！最初は誰もそれを信じなかった。', 'MQwdu84vSmM', 5, '2012-04-17 21:07:00', '2012-05-19 07:54:13'),
(84, '機動警察パトレイバー THE MOVIE', '1989年7月15日', 99, 'レイバーと呼ばれる人型作業ロボットが活躍する世界を舞台に、警察のレイバー＝パトレイバーを駆使して犯罪に立ち向かう警視庁特車二課の姿の描いた人気オリジナルビデオアニメ「機動警察パトレイバー」の劇場版。1', '35881/', '84.png', 'いつもの風景なのに、いつもの街なのに 戦いはもうはじまっている。', 'Qo6_lG7d51k', 4, '2012-04-17 21:14:00', '2012-05-19 07:52:32'),
(85, 'キャスパー', '1995年7月22日', 100, 'キャスパーは心優しいゴースト。メイン州にある広い屋敷に３人の邪悪なゴーストとともに住んでいる。ある日、この屋敷に心霊学者のハーベイ博士と娘のキャットがやってくる。キャスパーはキャットこそが自分が探し求', '43719/', '85.jpeg', '心が触れ合うとき 愛が見える', 'kppS6cJE02M', 3, '2012-04-17 21:18:00', '2012-05-19 08:10:38'),
(86, 'キャッツ＆ドッグス', '2001年10月20日', 87, '犬と猫による地球の未来を懸けた戦いを、高精度のアニマトロニクス・モデルとCGを駆使して描いたファンタジー・アクション。世界征服を企むイカレた邪悪猫ミスター・ティングルスは、犬アレルギーを解消する新薬の', '51271/', '86.jpeg', '世界はどっちの肉球に！', 'qzBD_8zOGVA', 3, '2012-04-17 21:21:00', '2012-05-19 08:09:19'),
(87, 'CUBE', '1998年9月12日', 91, '警官、女医、女子大生ら６人の男女が、ある日突然、不気味な四角形の部屋に閉じ込められる。そこは、いくつもの部屋の集合体である巨大なキューブ状の建物のどこかだった。唯一の脱出口を目指して部屋から部屋へと移', '43794/', '87.jpeg', '世界を犯す、騒がしい絶望。', '2pIXZW0EeE', 4, '2012-04-17 21:26:00', '2012-05-19 08:08:05'),
(88, 'CUBE ZERO', '2005年11月19日', 97, '立方体の部屋が連なる謎の迷宮を舞台にしたスリラー「CUBE」シリーズの第3作。トラップを避けて出口を探る人々のサバイバルは、疑心暗鬼が渦を巻くキャラクター間の不信も手伝い、今回も緊迫感満点だ。これまで', '52662/', '88.jpeg', 'もう逃げられない！殺戮の立方体', 'bQVsbj84rpI', 2, '2012-04-17 21:30:00', '2012-05-20 13:15:39'),
(89, 'CUBE2', '2003年4月25日', 95, '異例のヒットを記録し、亜流作品も多数製作された「CUBE」の正式な続編。無機質な立方体の部屋に閉じ込められた男女が、決死の脱出劇を繰り広げる。遂に明かされるCUBEの正体にも注目を。目覚めると立方体の', '51876/', '89.jpeg', '謎を解け。', 'R4N86WL4TvM', 1, '2012-04-17 21:35:00', '2012-05-20 13:15:44'),
(90, 'キル・ビル', '2003年10月25日', 113, '史上最強と言われた女エージェントのザ・ブライドは、結婚式当日にかつてのボス、ビルの襲撃を受け、夫や身ごもった子供まで殺されてしまう。4年後、昏睡状態から目覚めた彼女は、ビルへの復讐を決意する……。クエ', '1099/', '90.jpeg', '許せない、許さない。', '-czwy-aVbbU', 3, '2012-04-17 21:37:00', '2012-05-20 22:10:50'),
(91, 'キング・コング', '2005年12月17日', 188, '「ロード・オブ・ザ・リング」3部作のピーター・ジャクソン監督が、映画監督をめざす契機となった1933年の「キング・コング」をリメイク。オリジナル作と同じ30年代を舞台に、美女と野獣の感動ドラマを最新映', '1104/', '91.jpeg', '彼は彼女だけを信じた―― 彼女だけは彼を守ろうとした――', 'B5j_2sRUTbU', 5, '2012-04-17 21:48:00', '2012-05-19 08:16:58'),
(92, 'がんばれ！ベアーズ　ニュー・シーズン', '2005年9月23日', 113, '「スクール・オブ・ロック」のリチャード・リンクレイター監督が「バッドサンタ」のビリー・ボブ・ソーントンを主演に、76年の大ヒット作「がんばれ！ベアーズ」をリメイク。元プロ野球選手のモリスは、今は害虫駆', '1016/', '92.jpeg', 'ルール無用な、落ちこぼれチームがやってきた！', 'cv83Pm_bF6c', 4, '2012-04-17 21:52:00', '2012-05-19 08:14:54'),
(93, 'カンフーハッスル', '2005年1月1日', 103, '「少林サッカー」のチャウ・シンチーが今度も製作・監督・脚本・主演を担当してカンフー映画に挑戦したアクション・コメディ。シンチー演じるチンピラのシンは、町を牛耳る極悪ギャング団に入るのが夢。だが、貧民街', '1108/', '93.jpeg', 'ありえねー。', 'RFXegik4QLY', 4, '2012-04-17 21:56:00', '2012-05-19 08:12:19'),
(94, 'Coo／遠い海から来たクー', '1993年12月11日', 116, '南太平洋に浮かぶ島・フィジーを舞台に、海竜プレシオザウルスと少年の交流、そして人間たちの争いを描いた長編アニメーション。島で海洋生物学者の父と暮らす少年、洋助はある日、海辺で見たこともない生物を発見し', '36060/', '94.jpeg', 'いつまでも、ずっとそばにいて欲しい・・・', 'なし', 3, '2012-04-17 22:34:00', '2012-05-19 08:25:53'),
(95, 'クライマーズ・ハイ', '2008年7月5日', 145, '1985年8月12日、乗客乗員524名を乗せた日本航空123便が、群馬県多野郡上野村の御巣鷹山に墜落。群馬の有力地方新聞・北関東新聞社の記者・悠木は、事件の担当デスクに任命され、混乱する状況や次第に露', '53505/', '95.jpeg', '命を追った、あの夏。', 'UJi9AvQL49g', 3, '2012-04-17 22:43:00', '2012-05-19 08:23:39'),
(96, 'クライモリ', '2004年10月9日', 84, '「エイリアン｣「ターミネーター２」などで４度アカデミー賞を受賞した特殊効果の第一人者Ｓ・ウィンストンがプロデュースを務めた衝撃のホラー。地元の人間は絶対に近付こうとしない森の中に足を踏み入れてしまった', '52297/', '96.jpeg', '帰れるの は、悲鳴だけ。', 'naUUyD-_oPc', 2, '2012-04-17 22:47:00', '2012-05-19 08:32:40'),
(97, 'クリムゾン・リバー', '2001年1月27日 ', 106, 'フランス映画ながらセリフはすべて英語、製作費20億円の巨費を投じて作られた、ハリウッド色の強いアクション・スリラー。Ｊ・レノ、Ｖ・カッセルとフランスを代表する二大スターの顔合わせは新鮮味があり迫力満点', '51281/', '97.jpeg', '凍りついた死体。少女の謎の死。二つの事件、二人の刑事。', 'CZG2Z0cZZSA', 2, '2012-04-17 22:56:00', '2012-05-20 13:11:55'),
(98, 'クリムゾン・リバー2／　黙示録の天使たち', '2004年5月29日 ', 100, 'Ｊ・レノ主演によるフレンチ・サイコスリラーの続編。レノ扮する敏腕刑事が、新たな若い相棒とともに、再び猟奇殺人の謎に挑む。今回の発端は、死体を壁に埋め込むという異様な事件。黙示録を信じる宗教団体が絡んだ', '52199/', '98.jpeg', '最後の審判の日、目覚めるのは神か悪魔か。', 'Md4nP3Z3P3U', 2, '2012-04-18 12:38:00', '2012-05-19 08:31:15');
INSERT INTO `movies` (`id`, `name`, `year`, `time`, `summary`, `eigacom`, `poster`, `catchcopy`, `trailer`, `score`, `created`, `modified`) VALUES
(99, '雲のむこう､約束の場所', '2004年11月20日', 91, '単独作業による短編「ほしのこえ」でアニメーションの新たな可能性を示した新鋭、新海誠の初長編作品。北と南に分断された架空の日本を舞台に、高くそびえる北の塔へと飛ぶことを夢見る少年二人と少女。数奇な運命に', '41186/', '99.jpeg', 'あの遠い日に僕たちは、かなえられない約束をした。', 'qkLpa7YSYAk', 1, '2012-04-18 12:46:00', '2012-05-19 08:29:21'),
(100, '紅の豚', '1992年7月18日', 91, '宮崎駿監督、原作、脚本、スタジオジブリ制作による劇場用アニメーション作品。第一次大戦後のイタリア、アドレア海。暴れまわる空賊相手に賞金稼ぎをしていた1匹の豚、ポルコ・ロッソは、自分に魔法をかけて豚にな', '10529/', '100.png', 'カッコイイとは、こういうことさ 。', 'HJXT2OCY-Do', 4, '2012-04-18 13:00:00', '2012-05-19 08:27:50'),
(101, 'ショーシャンクの空に', '1995年', 143, 'スティーブン・キングの中編「刑務所のリタ・ヘイワース」をティム・ロビンス＆モーガン・フリーマン主演で映画化した人間ドラマ。長年ショーシャンク刑務所に入っている囚人レッド（フリーマン）と無実の罪で収監さ', '45573/', '101.jpeg', '人の心には誰にも奪えない何かがある。”希望”さ。', 'P6V4iYjty3o', 5, '2012-04-19 21:01:00', '2012-05-19 10:54:40'),
(102, 'エスター', '2009年10月10日', 123, '赤ん坊を死産で失い、悲しみに暮れていた夫婦ケイトとジョンは、養子を迎えようとある孤児院を訪れる。そこで出会った少女エスターに強く惹きつけられた2人は、彼女を引き取ることに。しかし、日に日にエスカレート', '54386/', '102.jpeg', 'この娘、どこかが変だ。', 'XKb7_Yakhho', 5, '2012-04-29 21:59:00', '2012-05-19 10:51:19'),
(103, 'グリーンマイル', '2000年3月25日', 188, '大恐慌時代の1935年、ポールは刑務所の看守主任を務めていた。グリーンマイルと呼ばれる通路を通って電気椅子に向かう受刑者たちに安らかな死を迎えさせてやることが、彼らの仕事だった。ある年、この刑務所に身', '1852/', '103.jpeg', '僕達は、世界で一番美しい魂を握りつぶそうとしていた・・・', 'uDybmxbKf4Y', 4, '2012-04-29 21:59:00', '2012-05-19 10:50:06'),
(104, 'クレヨンしんちゃん　ヘンダーランドの大冒険', '1996年4月19日', 100, 'しんのすけは、幼稚園の遠足でアミューズメントパーク“群馬ヘンダーランド”にやってきた。しかし、そのヘンダーランドこそ地球征服をたくらむオカマ魔女らが潜む本拠地だった。テント小屋に閉じ込められていたヘン', '40869/', '104.jpeg', 'オラ、この勝負には絶対勝つぞ!!', 'cOGBbBfaSnw', 5, '2012-04-29 21:59:00', '2012-05-19 10:47:59'),
(105, 'クレヨンしんちゃん アクション仮面VSハイグレ魔王', '1993年7月24日', 93, '人気TVアニメ『クレヨンしんちゃん』の記念すべき劇場版第１作。しんのすけは、お菓子で当てたカードを使い、アクション仮面のアトラクションハウスにやってくる。ところが、乗り物に乗ったまま異次元へタイムスリ', '40902/', '105.jpeg', 'オラがアクション仮面をお助けするゾ！！', '0Vfhj1IDNWY', 2, '2012-04-29 21:59:00', '2012-05-19 10:46:12'),
(106, 'クレヨンしんちゃん　ブリブリ王国の秘宝', '1994年4月23日', 87, '“クレヨンしんちゃん”シリーズの長編劇場版第２作。商店街の福引きで南の楽園、ブリブリ王国行きをつかんだしんのすけ一家。しかしそれは王国の秘宝を狙う秘密結社ホワイトスネーク団の陰謀だった。一団に誘拐され', '40807/', '106.jpeg', 'おおっ、オラが二人いる！', 'zzzA1bo48wU', 3, '2012-04-29 21:59:00', '2012-05-19 11:03:36'),
(107, 'クレヨンしんちゃん 雲黒斎の野望', '1995年4月15日', 96, '劇場版アニメ・シリーズ第３作。両親、犬のシロと時間犯罪者の破壊活動阻止のため、戦国時代にタイムスリップしたしんのすけ。そこで吹雪丸という少年剣士と出会ったしんのすけは、雲黒斎に殺された吹雪丸の両親の敵', '40914/', '107.jpeg', 'しんちゃん、3回だいへんしん!', 'V9wD3EBii3c', 3, '2012-04-29 22:02:00', '2012-05-19 11:02:48'),
(108, 'クレヨンしんちゃん　暗黒タマタマ大追跡', '1997年4月19日', 100, '最強の幼稚園児、野原しんのすけが大騒動を繰り広げるコメディ・アニメの劇場版シリーズ第５作。今回より、彼の妹ひまわりも登場。河原で寝ていたオカマのローズが落とした光る玉をしんのすけがそっと持ち帰り、それ', '36167/', '108.jpeg', 'オラたちに明日はない!', '4WZ9yUG5AVU&ob=', 5, '2012-04-29 22:02:00', '2012-05-19 11:02:04'),
(109, 'クレヨンしんちゃん　電撃！ブタのヒヅメ大作戦', '1998年4月18日', 99, 'スーパー幼稚園児・野原しんのすけが迷活躍を繰り広げる劇場版アニメのシリーズ第６作。電子工学博士をだまし、恐ろしいコンピュータ・ウイルスを作り出した悪の組織“ブタのヒヅメ”。それを知った正義の秘密組織S', '36168/', '109.jpeg', 'このおバカ、恐るべし', 'dR8ELuQXwP8', 4, '2012-04-29 22:02:00', '2012-05-19 11:05:41'),
(110, 'クレヨンしんちゃん　爆発！ 温泉わくわく大決戦', '1999年4月17日', 99, '人気アニメの劇場版シリーズ第７作。ひょんなことから騒動に巻き込まれたスーパー園児、野原しんのすけとその一家が、地球と家族の平和を守るために怪獣と戦ったり、ハチャメチャな奮闘を繰り広げる。悪の科学者アカ', '36169/', '110.png', '脱いだら無敵。', 'IMlLEA5Wr3I', 1, '2012-04-29 22:02:00', '2012-05-19 11:05:02'),
(111, 'クレヨンしんちゃん　嵐を呼ぶジャングル', '2000年4月22日', 80, '嵐を呼ぶ幼稚園児・野原しんのすけことしんちゃんの活躍を描いた劇場版シリーズ第８作。南海の船上試写会に参加したしんちゃんご一行様。しかし試写のさなか、突然大人たちが謎のお猿さんたちにつれ去られてしまう。', '36170/', '111.jpeg', '野生のおバカが目をさます!', 'x5eODcHIkX0', 4, '2012-04-29 22:02:00', '2012-05-19 11:04:49'),
(112, 'クレヨンしんちゃん 嵐を呼ぶモーレツ！オトナ帝国の逆襲', '2001年4月21日', 89, 'テレビでもおなじみの人気アニメの劇場版シリーズの第９作。しんのすけの住む春日部で突然開かれた20世紀博。大人たちは昔を懐かしんで入り浸り、しんのすけの両親も会社を休み、家事をサボって夢中に遊んでいた。', '40358/', '112.jpeg', '未来はオラが守る ゾ', '5ei4d2vdLr4', 5, '2012-04-29 22:03:00', '2012-05-19 11:11:43'),
(113, 'クレヨンしんちゃん　嵐を呼ぶアッパレ！戦国大合戦', '2002年4月20日', 95, 'スーパー幼稚園児・野原しんのすけが活躍するアニメの劇場版シリーズ第10作。なぜか戦国時代の春日部あたりにタイムスリップしてしまったしんのすけは、命を狙われる春日家の家臣、又兵衛を助けたことから彼の家に', '40519/', '113.jpeg', '歴史を変えるおバカ参上!', 'rUFrEYh17A8', 5, '2012-04-29 22:03:00', '2012-05-19 11:10:28'),
(114, 'クレヨンしんちゃん 嵐を呼ぶ栄光のヤキニクロード', '2003年4月19日', 80, '通算で11作目となるお馴染み、クレヨンしんちゃん・ムービー。大人にまで大反響を呼んだ感動の前作から一転、今回はしんちゃんらしい大爆笑のストーリーが展開する。謎の男にいわれのない物を引き渡すよう迫られ、', '40711/', '114.jpeg', '走れしんのすけ!のはら一家が指名手配 ?', 'qhxEtLC8OOw&ob=', 1, '2012-04-29 22:03:00', '2012-05-19 11:08:10'),
(115, 'クレヨンしんちゃん　嵐を呼ぶ！夕陽のカスカベボーイズ', '2004年4月17日', 96, 'GW恒例となった人気アニメ・シリーズの第12作。無敵の幼稚園児しんちゃんが、今回は家族や友だちともども、西部劇映画の中にまぎれ込んでしまう。ナゾに満ちた世界で、失われていく現世の記憶をたぐりよせつつ奮', '40985/', '115.png', 'しんちゃん、カムバ～ック!', 'oTtUjay9s28', 4, '2012-04-29 22:03:00', '2012-05-19 11:11:59'),
(116, 'クローバーフィールド HAKAISHA', '2008年4月5日', 85, '「LOST」のJ・J・エイブラムス製作によるパニック・ムービー。正体不明の何者かに襲われたニューヨークの壮絶な一夜を、現場に居合わせた人物の視点から、ハンディカムで撮影されたドキュメンタリータッチの映', '53263/', '116.jpeg', 'その時、何が起きたのか？', 's-8ISAzYvns', 3, '2012-05-02 18:59:00', '2012-05-19 11:16:17'),
(117, 'クローズZERO', '2007年10月27日', 130, '少年チャンピオンでの連載終了後も根強い人気を誇る高橋ヒロシのコミック「クローズ」をオリジナルストーリーで実写映画化。原作より過去に遡り、不良たちが集まる鈴蘭男子高校で勃発した史上最大の抗争を描く。幾つ', '34275/', '117.jpeg', '全部壊して、ゼロになれ。', 'R7Jpf2EXoPw', 3, '2012-05-02 18:59:00', '2012-05-19 11:15:13'),
(118, '西遊記', '2007年7月14日', 120, '高視聴率を記録したフジテレビ系ドラマ「西遊記」の劇場版。天竺を目指し旅を続ける三蔵法師一行は、恐ろしい妖怪・金閣と銀閣によって緑と財宝を奪われてしまった砂漠の国に立ち寄る。王宮に招かれ、妖術によって醜', '1810/', '118.jpeg', 'みんななまか', 'FCJ9KBpYsKE', 1, '2012-05-02 18:59:00', '2012-05-19 11:13:18'),
(119, 'サイレントヒル', '2006年7月8日', 126, 'シリーズ4作目まで製作されている人気ホラーゲームの1作目を完全映画化。赤ん坊の頃に養女としてシャロンを引き取ったローズ夫妻。だが、9歳になったシャロンが「サイレントヒル…」と呻き声を発するようになる。', '1654/', '119.jpeg', 'そこからは、死んでも逃げられない。', '5EJi7Mj0vD8', 3, '2012-05-02 18:59:00', '2012-05-19 11:22:42'),
(120, 'サイン', '2002年9月21日', 107, '妻の事故死により信仰を失った元牧師グラハムが2人の子供と弟メリルと暮らす農場で、怪現象が発生。とうもろこし畑に一夜にして巨大な図形＝ミステリー・サークルが出現したのだ。いったい誰の仕業なのか。監督は「', '1172/', '120.jpeg', 'それは――決して気付いてはいけない兆候（サイン）', 'mTgO18G5zjI', 2, '2012-05-02 18:59:00', '2012-05-19 11:20:13'),
(121, 'ザ・グリード', '1998年10月17日', 107, '海底に潜む巨大生物の大暴れを描いたモンスター・パニック映画。東シナ海を処女航海中の豪華客船で、原因不明の大事故が発生。通りがかりの密輸船の乗組員たちが客船に移ると、船内は血みどろの地獄絵図と化しており', '44752/', '121.jpeg', '９０分で３，０００人－　喰って、喰って、喰いまくれ！', 'r8CYpb7zrjs', 3, '2012-05-04 00:32:00', '2012-05-19 11:18:50'),
(122, 'ザ・コア', '2003年6月7日', 134, '25万年に一度訪れる中心核の回転停止により、磁場が狂った地球では、スペースシャトルが制御不能になるなどの異常現象が相次ぐ。このままでは、有害な宇宙放射線を防いでいる地球の電磁界が失われ、人類は1年以内', '1195/', '122.jpeg', '地球の核（コア）停止。人類は1年以内に滅亡する。', 'foAyvN6mVwQ', 2, '2012-05-04 00:32:00', '2012-05-19 23:43:52'),
(123, 'ザスーラ', '2005年12月10日', 110, 'ボードゲームの内容が現実世界で引き起るトンデモ冒険映画「ジュマンジ」の続編が登場。壮大な宇宙空間を舞台に巻き起こる、危険きわまりないハプニングの連続にハラハラさせられっぱなしだが、ケンカばかりの仲の悪', '52812/', '123.jpeg', '地球に帰りたければ、クリアしろ。', 'Whfg26yGPx4', 3, '2012-05-04 00:32:00', '2012-05-19 23:41:06'),
(124, 'ザ・ビーチ', '2000年4月22日', 119, '「トレインスポッティング｣「普通じゃない」の監督＆脚本家が、イギリスの新進作家Ａ・ガーランドのベストセラー小説を映画化したシニカルな青春ドラマ。刺激を求めてバンコクにやって来たアメリカ人青年リチャード', '44866/', '124.jpeg', 'それは禁断の場所―― やがて恐怖が始まった。', 'zVU8lFRNsac', 2, '2012-05-04 00:32:00', '2012-05-19 23:39:59'),
(125, 'ザ・フライ', '1987年1月', 96, '科学者のセスは記者のベロニカに開発中の物質転送装置を公開する。生物の転送実験で失敗が続くが、やがてセスは自らの体を転送することに成功。しかもその後、彼の体には驚異的な活力が備わる。セスは、転送装置に', '13746/', '125.jpeg', '怖がってください―とても、とても怖がってください', 'F7xoyu08xNE', 3, '2012-05-04 00:32:00', '2012-05-19 23:37:40'),
(126, 'サマーウォーズ', '2009年8月1日', 114, '「時をかける少女」の細田守監督が、同作に続いて脚本・奥寺佐渡子、キャラクターデザイン・貞本義行とともに描くオリジナル長編アニメーション。数学が得意だが気弱な高校2年生の健二は、憧れの先輩・夏希に頼まれ', '54346/', '126.jpeg', 'こう見えて、全員親戚。', '2Wi2lb1sVk8', 5, '2012-05-04 01:13:00', '2012-05-19 23:34:49'),
(127, 'サマータイムマシン・ブルース', '2005年9月3日', 107, '｢踊る大捜査線」シリーズの本広克行監督が、京都の人気劇団『ヨーロッパ企画』の傑作戯曲を映画化。タイムマシンに乗り込んだSF研究会メンバーの1日をめぐるタイムトラベルが笑い満載で描かれる。進境著しい若手', '41270/', '127.jpeg', 'タイムマシン　ムダ使い', 'H5XftzMJHr4', 5, '2012-05-04 01:13:00', '2012-05-19 23:53:00'),
(128, 'サラマンダー', '注目作品ランキング', 103, '近未来のイギリスを舞台に、炎を吐く翼竜と人間の攻防を描いた冒険アクション。マシュー・マコノヒー、クリスチャン・ベールが怪物に立ち向かう男たちを熱演する。現代によみがえった太古の巨大竜が文明社会を破壊し', '51894/', '128.jpeg', '生き残りたいなら、空だけ見てろ。', 'PnlCiZ4EFh0', 3, '2012-05-04 01:14:00', '2012-05-19 23:51:28'),
(129, 'ザ・ロック', '1996年9月14日', 135, '今では観光地となっているアルカトラズ島を突如、14人のテロリストたちが観光客を人質に立てこもる。テロリストたちは、海兵隊から奪った神経性毒ガスを積んだロケットをサンフランシスコに向け、国防総省（ペンタ', '44968/', '129.jpeg', '"ザ・ロック"へようこそ。', 'vapdvjBcQzs', 5, '2012-05-04 01:14:00', '2012-05-19 23:49:08'),
(130, '幸せのちから', '2007年1月27日', 117, '医療機器事業の失敗によりホームレスとなったが、超難関の株トレーダー養成コースを経て一流証券会社に就職し、アメリカンドリームを成し遂げた実在の人物（クリス・ガードナー）の半生と彼を支えた息子との心の交流', '33852/', '130.jpeg', '全財産21ドルから立ち上がった父子 の、実話に基づいた感動作。', 'byZhjahWMe0', 4, '2012-05-04 01:14:00', '2012-05-19 23:45:56'),
(131, 'シークレット・ウインドウ', '2004年10月23日', 96, '「パニック・ルーム」「スパイダーマン」の脚本家として有名なデビッド・コープがスティーブン・キングの中編ミステリー「秘密の窓、秘密の庭」（「ランゴリアーズ」収録）をジョニー・デップとジョン・タトゥーロの', '1635/', '131.jpeg', 'なぜ追われる、なぜ終われない。', 'kYtyZhkOAoo', 1, '2012-05-05 00:35:00', '2012-05-20 00:00:56'),
(132, '地獄の黙示録　特別完全版', '2002年2月2日', 203, 'オリジナルの未編集分を再編集。新たに付け加えられた53分の映像は、オリジナルになかったフランス人入植者の農園でのエピソードや、海軍巡視艇が川を上る旅を始めようとしているシーンなどを含む。コッポラによれ', '1008/', '132.jpeg', '戦争。アメリカ。 これはコッポラが産んだ生きものだ。', 'IHUSmOQnzEk', 3, '2012-05-05 00:35:00', '2012-05-19 23:59:49'),
(133, '南極料理人', '2009年8月8日', 125, '南極観測隊員の西村淳のエッセイ「面白南極料理人」を、「クライマーズ・ハイ」の堺雅人を主演に映画化。極寒の南極ドームふじ基地にやってきた8人の観測隊員の1人、西村の仕事は隊員の毎日の食事を作ること。約1', '54331/', '133.jpeg', '氷点下54℃、  家族が待つ日本までの距離  14,000km  究極の単身赴任！', 'Aj-gNI4QKBI', 5, '2012-05-05 00:35:00', '2012-05-19 23:58:22'),
(134, 'シャーク・テイル', '2005年3月5日', 90, '海の生物たちの都リーフシティに暮らす、大きな夢を抱いた小さな魚のオスカー。ある日、オスカーは魚たちに恐れられているサメの仲間でありながらも、ベジタリアンで優しい性格のレニーと出会う。2匹は互いの夢のた', '1168/', '134.jpeg', '大切なものは、いつもそばにある。', 'tlLMitni4GY', 2, '2012-05-05 00:35:00', '2012-05-19 23:55:45'),
(135, 'ジャーヘッド', '2006年2月11日', 123, '「アメリカン・ビューティー」「ロード・トゥ・パーディション」のサム・メンデス監督が、一歩兵の手記を原作に“地上にいた兵士”の視点から見た湾岸戦争を描く話題作。「デイ・アフター・トゥモロー」「ブロークバ', '1096/', '135.jpeg', 'メディアが暴けなかった湾岸戦争の真実がここにある。', 'Pv4KCKcGwAQ', 2, '2012-05-05 00:35:00', '2012-05-20 00:13:07'),
(136, 'ゴールデンスランバー', '2010年1月30日', 139, '山本周五郎賞を受賞した伊坂幸太郎の逃亡劇を、「アヒルと鴨のコインロッカー」「フィッシュストーリー」でも伊坂作品の監督を務めた中村義洋が映画化。主演に堺雅人、共演に竹内結子、吉岡秀隆、香川照之、大森南朋', '54556/', '136.jpeg', '無実の男、 首相暗殺犯に断定 事件のカギを握るのは、ビートルズの名曲。', 'GCa3lPZt7Ec', 4, '2012-05-10 15:16:00', '2012-05-20 00:11:12'),
(137, 'GANTZ', '2011年1月29日', 130, '累計1200万部を販売した奥浩哉の人気SFコミックを、アイドルグループ「嵐」の二宮和也と松山ケンイチ主演で実写映画化した2部作の前編。共演に吉高由里子、本郷奏多、山田孝之ら人気若手俳優がそろい、「ホッ', '54943/', '137.jpeg', '試されるのは、友情でも愛でもない、生存本能。', 'JdGzL9Fm_Ik', 2, '2012-05-10 18:04:00', '2012-05-20 00:04:54'),
(138, 'GANTZ PERFECT ANSWER', '2011年4月23日', 141, '奥浩哉の人気コミックを、二宮和也、松山ケンイチ主演で実写映画化した2部作の完結編。黒いナゾの球体「GANTZ（ガンツ）」に召還され、異形の敵“星人”を倒すことを強いられる玄野と加藤の戦いは続いていた。', '54944/', '138.jpeg', '対峙。', 'dp9Gf-lZAcM', 1, '2012-05-10 18:04:00', '2012-05-20 00:03:08'),
(139, '光の旅人', '2002年4月13日', 121, '自分を異星人だと主張するプロートは、詳細に故郷の星を語り、また精神病院の患者たちの閉ざされた心を開いていく。彼は本当に異星人なのか。彼と出会った精神科医は悩む。監督は「バック・ビート」「サイバーネット', '1487/', '139.jpeg', ' K-パックスからやって来たという謎の男彼には 人の心を癒す不思議な魅力があった・・・', 'UfcbshzkvUs', 4, '2012-05-10 18:04:00', '2012-05-20 00:22:21'),
(140, '告発', '1995年4月', 123, '若きエリート弁護士ジェームズが担当することになったのは、アルカトラズ刑務所で起きた殺人事件。25年の刑で服役中のヘンリーという若い囚人が脱獄計画を密告した仲間を殺害、死刑は、ほぼ確実だという。そんな勝', '44466/', '140.jpeg', '涙を流す前に、拍手を贈って下さい。 アルカトラズ刑務所を閉鎖に追い込んだ、2人の男 たちの真実のドラマ・・・', 'unVZEYXNsF8', 5, '2012-05-10 18:04:00', '2012-05-20 00:19:19'),
(141, 'COWBOY BEBOP　天国の扉', '2001年9月1日', 114, 'TVシリーズとして放映後、60万本を超えるビデオ、DVD、LDの売り上げで絶大な人気を誇る『カウボーイビバップ』の劇場用アニメーション。広大な宇宙間に逃げ散った無法者や犯罪者を捕らえるため“賞金稼ぎ”', '40347/', '141.jpeg', 'それは聖者のような悪魔だった。', 'UBug7RGIqmo', 4, '2012-05-10 18:04:00', '2012-05-20 00:16:01'),
(142, 'キャスト・アウェイ', '2001年2月24日', 144, 'チャックは速さを誇る宅配便“フェデックス”のシステム・エンジニア。世界中を駆け回り、システム上の問題解決に明け暮れる日々。一秒も無駄にしないことが信条の彼は、恋人ケリーとのデートも秒刻みだった。そんな', '1326/', '142.jpeg', '世界の果てで　彼の旅が始まった・・・。', '2TWYDogv4WQ', 4, '2012-05-10 23:26:00', '2012-05-20 02:14:22'),
(143, 'K-19', '2002年12月14日', 138, '冷戦下の61年、偵察任務のため出航したソ連の原子力潜水艦K-19で放射能漏洩事故が起こる。潜水艦という閉鎖空間、極限状況の中で、威圧的な新任艦長ボストリコフ、経験豊富な副官ボレーニン、そして老若乗組員', '1463/', '143.jpeg', '世界なんか、一瞬で終わる。', 'zhTHS7sjTls', 4, '2012-05-10 23:26:00', '2012-05-20 02:12:14'),
(144, 'X-メン', '2000年10月7日', 104, 'DNAの突然変異により特殊な能力を持つ“ミュータント”。彼らはその特異性を理解できない人間たちから疎外される存在だった。カナダの雪深い国道沿いのバー。家出少女ローグはドッグファイトで圧倒的な強さを見せ', '1752/', '144.jpeg', '敵は強大　味方はわずか', '3ZrQC5QEmJE', 3, '2012-05-10 23:26:00', '2012-05-20 02:10:23'),
(145, 'X-MEN2', '2003年5月3日', 136, '人気アメコミを原作に、前作と同じ監督＆キャストで描く続編。今回はミュータント撲滅を企てる元陸軍司令官が登場。その陰謀を阻止するため、思想的に対立する2つのミュータント陣営＝プロフェッサーX陣営とマグニ', '1219/', '145.jpeg', '世界を変えろ。', 'dX5E0NUmQFo', 3, '2012-05-10 23:26:00', '2012-05-20 02:24:51'),
(146, 'X-MEN：ファイナル・ディシジョン', '2006年9月9日', 104, '特異な能力を持つミュータントの2大勢力、プロフェッサーＸ率いるX-MENと、人類を敵とみなすマグニートー率いるブラザーフッドの最後の戦いを描くシリーズ第3弾。天才科学者がミュータントから人間に変わるこ', '1220/', '146.jpeg', '世界は、選択で創られ、 選択で滅ぶかもしれない。', 'mrhP6yuzUtQ', 3, '2012-05-10 23:26:00', '2012-05-20 13:12:57'),
(147, 'ジャック・フロスト／パパは雪だるま', '注目作品ランキング', 101, '雪だるまとなって愛する家族のもとに帰ってきた男の冒険を描くハートウォーミング・ファンタジー。妻子のもとに帰る途中で事故に遭い、世を去ったロック・ヴォーカリスト、ジャック。一年後、息子のチャーリーが作っ', '45352/', '147.jpeg', '生まれ変わって 最初に会いたかったのは・・・大切な家族。', 'VJEm4miHkvI', 5, '2012-05-11 00:05:00', '2012-05-20 05:08:50'),
(148, 'しゃべれども　しゃべれども', '2007年5月26日', 109, '佐藤多佳子の同名小説を、TOKIOの国分太一主演で映画化。うだつのあがらない落語家・今昔亭三つ葉は、ひょんなことから話し方教室を開くことに。そんな彼のもとに集まったのは、無口な美人、関西弁の勝気な少年', '33987/', '148.jpeg', 'みんな、 何とかしたいと思ってる このままじゃ、だめだから。', 'v5EQKLbg-9M', 4, '2012-05-11 00:05:00', '2012-05-20 02:19:24'),
(149, 'シャンハイ・ナイト', '2003年11月15日', 114, '「シャンハイ・ヌーン」の続編にあたるコミカル・アクション。舞台は19世紀末のロンドン。父を殺された主人公チョンが相棒のお調子者ロイとともに敵を追ううちに、王室を巻き込んだ巨大な陰謀に行き当たる。主人公', '52046/', '149.jpeg', '大英帝国の危機を救うため、ジャッキーが大暴れ！', 'AdNNknUeBwU', 2, '2012-05-11 00:05:00', '2012-05-20 02:17:39'),
(150, '13階段', '2003年2月8日', 122, '反町隆史が従来の豪放なイメージを一転、センシティブな新境地を見せたミステリー。江戸川乱歩賞受賞作の３度目となる映画化。ある死刑囚のえん罪を晴らす仕事を請け負った仮出所中の青年が、刑務官の男とともに真実', '40681/', '150.jpeg', '死刑かー。無罪かー。', 'なし', 2, '2012-05-11 00:05:00', '2012-05-20 02:16:11'),
(151, '十二人の怒れる男', '1959年', 96, '　ニューヨークの裁判所。18歳の不良少年が実父殺害の容疑で裁かれようとしていた。12人の陪審員たちは評決の投票をするが、ただひとり陪審員8番だけが無罪を主張し、改めて審議が行なわれることに。それでなく', '15997/', '151.jpeg', '殺人事件の審議を巡る陪審員達の手に汗握る法廷劇の傑作！', 'A7CBKT0PWFA', 5, '2012-05-11 00:05:00', '2012-05-20 04:29:31'),
(152, 'es［エス］', '2002年6月22日', 119, '物議を巻き起こした心理実験をヒントに、人間の心の闇を浮かび上がらせるサイコ・スリラー。模擬刑務所で２週間の心理実験が行われ、20人の男性が被験を志願。彼らは看守役と囚人役に分けられ、実験は始まった。だ', '51583/', '152.jpeg', '心理学会を震撼させた“実験”', 'QdTafti2wdY', 4, '2012-05-11 14:59:00', '2012-05-20 04:27:41'),
(153, 'エラゴン　遺志を継ぐ者', '2006年12月16日', 104, '邪悪な王が支配する帝国アラゲイジアに住む少年エラゴンは、ある日、森の中で光り輝く青い石を見つける。それは、世界の運命を握るドラゴンの卵だった。卵からかえったドラゴン“サフィラ”を密かに育て始めたエラゴ', '33354/', '153.jpeg', '少年はドラゴンに命を与え、ドラゴンは少年に未来を与えた。', '3gBcNZnXJEc', 2, '2012-05-11 14:59:00', '2012-05-20 04:24:39'),
(154, 'AVP2 エイリアンズVS.プレデター', '2007年12月28日', 94, 'エイリアンとプレデターの2大人気モンスターが激突し、話題となった「エイリアンVS.プレデター」の続編。前作のラストでプレデターの体内に産みつけられたエイリアンの卵が成長し、両種の特徴を受け継いだ新種の', '53075/', '154.jpeg', '新種降臨！', 'moE2Ri-04nI', 2, '2012-05-11 14:59:00', '2012-05-20 04:36:49'),
(155, 'アイス・エイジ', '2002年8月3日', 82, '氷河期を舞台に動物たちが繰り広げる冒険をスリルと感動の中に描くCGアニメーション。今から２万年前、寒さを逃れて南へ向かう仲間の群れから離れ、北へと向かうマンモスのマニーとナマケモノのシドは、河の下流に', '51608/', '155.jpeg', '愛と冒険のヒーローたち。', 'TacJvx78OPI', 3, '2012-05-11 14:59:00', '2012-05-20 04:34:14'),
(156, 'アップタウン・ガールズ', '2004年2月21日', 93, '｢８ Mile」の人気女優Ｂ・マーフィと、天才子役Ｄ・ファニングが共演したハートフル・コメディ。親の遺産で暮らすワガママなお嬢様と、健康オタクで口やかましい８歳の少女。相反する二人の間に芽生えた友情を', '52137/', '156.jpeg', '今度のベビー・シッターは、子供っぽすぎる！', 'EDBAsKKpOR8', 3, '2012-05-11 14:59:00', '2012-05-20 04:32:32'),
(157, 'アデル　ファラオと復活の秘薬', '2010年7月3日', 107, '「ニキータ」「レオン」「フィフス・エレメント」のリュック･ベッソン監督が、新生ルイーズ・ブルゴワンを主演に迎えて描く冒険活劇。共演に「007 慰めの報酬」のマチュー・アマルリックほか。1911年のエジ', '55439/', '157.jpeg', 'ヒロイン×アドベンチャー', 'Oz9Z2warkrw', 2, '2012-05-11 15:13:00', '2012-05-20 04:45:37'),
(158, 'ウインドトーカーズ', '2001年8月24日', 134, '第2次世界大戦のアメリカ海兵隊は、ナバホ族の言語を暗号として使用。ナバホの通信兵ヤージーは、ガダルカナルで負傷したベテラン兵エンダーズとペアを組みサイパンに派遣される。が、エンダーズの任務は暗号が日本', '1216/', '158.jpeg', '名誉が彼らの暗号だった。', 'JCg6D1KkPPg', 1, '2012-05-11 15:13:00', '2012-05-20 04:43:43'),
(159, 'ウォーターボーイズ', '2001年9月15日', 91, '“男のシンクロナイズドスイミング”という実在したユニークな題材をベースに、平凡な高校三年生たちの切なくもおかしい夏休みをさわやかに描いた青春映画のヒット作。廃部寸前の男子高校水泳部の顧問に美人新米教師', '40335/', '159.jpeg', '男のシンクロ！？', 'BGr4wdGhhD0', 4, '2012-05-11 15:13:00', '2012-05-20 04:42:06'),
(160, '宇宙戦争(2005)', '2005年6月29日', 114, '湾岸地帯で働く平凡な労働者レイが、別れた妻との間にもうけた子供たちと面会するその日、突如現れた“何者か”が容赦なく町を破壊していく。レイは子供たちとともに生きるために町を逃げ出すが……。H・G・ウェル', '1217/', '160.jpeg', '地球最後の日----人類は試される、その愛と勇気を…', 'MJYnHA2OzfA', 2, '2012-05-11 15:13:00', '2012-05-20 04:53:48'),
(161, 'エターナル・サンシャイン', '2005年3月19日', 107, '「ヒューマンネイチュア」のミシェル・ゴンドリー監督が、同作と同じチャーリー・カウフマンによるユニークな脚本を映画化。ジョエルは元恋人クレメンタインが、ラクーナ医院で特定の記憶だけを消去する施術を受けて', '1057/', '161.jpeg', '“さよなら”の代わりに 記憶を消した――', '59CbpyFfKOY', 4, '2012-05-11 15:13:00', '2012-05-20 04:51:33'),
(162, 'オーシャンズ11', '2002年2月2日', 116, 'フランク・シナトラ主演の「オーシャンと十一人の仲間」（60）をリメイク。ラスベガスの地下に眠る金庫から1億5000万ドルを盗み出すという、前代未聞の現金強奪計画のために、11人のプロフェッショナルが集', '1136/', '162.jpeg', 'ハリウッド史上最強の犯罪ドリーム・チーム', '9GpFKUxebH8', 3, '2012-05-11 15:21:00', '2012-05-11 19:10:13'),
(163, 'オーシャンズ12', '2005年1月22日', 125, '大ヒット作「オーシャンズ11」と同じスタッフ＆キャストに、キャサリン・ゼタ＝ジョーンズ、バンサン・カッセルらが加わりさらに豪華共演となった続編。前作で彼らに金庫破りをされたカジノ王が彼らの所在を突きと', '1137/', '163.jpeg', '今度の１１は、１２人でキメる', 'r3oAezn-fZQ', 2, '2012-05-11 15:21:00', '2012-05-20 04:49:03'),
(164, 'ALWAYS 三丁目の夕日', '2005年11月5日', 133, '西岸良平の人気漫画を基にした人情ドラマ。昭和30年代の東京を舞台に、下町の人間模様を笑いと涙で描き出す。商店街や建物のノスタルジックなヴィジュアルは郷愁を誘うに違いない。子供の屈託のない笑顔や、大人の', '41221/', '164.jpeg', '携帯もテレビもパソコンもなかったのに、 どうしてあんなに楽しかったのだろう。', 'QxICQSdCtM4', 4, '2012-05-11 15:21:00', '2012-05-20 05:07:00'),
(165, 'ALWAYS 続・三丁目の夕日', '2007年11月3日', 146, '昭和30年代の東京下町に暮らす人々の姿を描き、日本中に感動を巻き起こした「ALWAYS　三丁目の夕日」の続編。監督の山崎貴をはじめ、吉岡秀隆、堤真一、小雪ら前作のスタッフ・キャストが再結集。昭和34年', '34056/', '165.jpeg', '会いたい人がいる。待っている人がいる。', '4OcvJn-akfs', 4, '2012-05-11 15:21:00', '2012-05-20 05:05:18'),
(166, 'オールド・ボーイ', '2004年11月6日', 120, '「JSA」のパク・チャヌク監督が日本製同名コミックを原作に映画化。タランティーノが審査委員長を務めた本年のカンヌ映画祭でグランプリを受賞、米ユニバーサルがリメイク権を取得した話題作。理由も分からないま', '1575/', '166.jpeg', 'お前は誰だ!?　なぜ俺を15年監禁した!?', 'YLn1y9v6yno', 5, '2012-05-11 15:21:00', '2012-05-21 00:18:17'),
(167, '紀元前1万年', '2008年4月26日', 109, '氷河期が終わりに近づこうとしている頃、狩猟民族のヤガル族の村を謎の集団が襲い、多くの村人を捕らえて去っていった。若きハンターのデレーは、将来を誓い合ったエバレットを救うため、遥か彼方の地を目指して旅に', '53344/', '167.jpeg', '誰も見たことのない世界は、「過去」にあった。', 'kXCnY04TM5I', 2, '2012-05-11 15:42:00', '2012-05-20 05:16:55'),
(168, 'K-20 怪人二十面相・伝', '2008年12月20日', 137, '北村想の「怪人二十面相・伝」を金城武主演で映画化。監督は「アンフェア the movie」などの脚本家・佐藤嗣麻子。1949年、一部の特権階級が富を独占している日本の都市・帝都に、金持ちだけを狙って盗', '53311/', '168.jpeg', '違う！オレは二十面相じゃない！', 'p-9K2t-e1eg', 2, '2012-05-11 15:42:00', '2012-05-20 05:14:40'),
(169, '県庁の星', '2006年2月25日', 131, '同名ベストセラー小説を「踊る大捜査線」シリーズの織田裕二主演で映画化する痛快コメディ。共演は「メゾン・ド・ヒミコ」の柴咲コウ。監督はTVドラマ「白い巨塔」（03～04）「ラストクリスマス」の西谷弘。上', '1472/', '169.jpeg', 'カイカクするのはココロです。', 'なし', 2, '2012-05-11 15:42:00', '2012-05-20 05:12:07'),
(170, '交渉人', '1999年7月3日', 139, '交渉人とは人質を取って立てこもる犯人を説得し、事件解決に導くプロフェッショナルのこと。シカゴ警察でトップの実績を持つ交渉人のダニーは殺人と横領の濡れ衣を着せられてしまう。このままでは身の破滅につながる', '44371/', '170.jpeg', 'ＩＱ１８０の闘い', 'LJ1pS1W0XXg', 4, '2012-05-11 15:42:00', '2012-05-20 05:24:49'),
(171, '交渉人　真下正義', '2005年5月7日', 127, '大ヒット・シリーズ「踊る大捜査線」の中心的キャラクターのひとり、真下正義を主人公にしたスピン・オフ。03年の劇場版第2作「踊る大捜査線2　レインボーブリッジを封鎖せよ」で、警視庁初の交渉人となった真下', '1522/', '171.jpeg', 'He''s back up?', 'Opkyd1Z9Jwo', 1, '2012-05-11 15:42:00', '2012-05-20 13:14:45'),
(172, 'コール', '2003年12月20日', 106, 'グレッグ・アイルズのベストセラー小説『24時間』を映画化した本格サスペンス。「アイ・アム・サム」でショーン・ペンの娘役が絶賛された天才子役ダコタ・ファニングの迫真の演技に注目だ。幸福な日々を送っていた', '52062/', '172.jpeg', '3つの場所・3人の誘拐犯・3人の人質', 'lv6tJGK3kPE', 2, '2012-05-11 22:32:00', '2012-05-20 05:19:47'),
(173, 'ゴールデンボーイ', '1999年6月26日 ', 112, 'Ｓ・キングの小説を「ユージュアル・サスペクツ」のＢ・シンガーが映画化した心理サスペンス。善良な少年が自分自身の中に眠る悪の心に支配されていく様をじっくりと映し出す。ロサンゼルス郊外に住む高校生トッドは', '44436/', '173.jpeg', '教えて、人を殺すときの音を匂いを。', 'VGt4pPK6Zak', 2, '2012-05-11 22:32:00', '2012-05-20 05:28:53'),
(174, '告白（2010）', '2010年6月5日', 106, '2009年本屋大賞を受賞した湊かなえのミステリー小説を、「下妻物語」「嫌われ松子の一生」の中島哲也監督が松たか子主演で映画化したサスペンスドラマ。ある中学校の1年B組の担任を務める女性教師の森口（松）', '55065/', '174.jpeg', '先生の娘を殺したのは、誰?', 'wMq7qzHVkSg', 4, '2012-05-11 22:32:00', '2012-05-20 05:35:00'),
(175, 'コラテラル', '2004年10月30日', 120, 'トム・クルーズがプロの殺し屋ビンセントを演じるサスペンス。彼は一晩で5人の標的を抹殺するため、たまたま乗ったタクシー運転手マックスを脅迫、彼のタクシーで夜のロサンゼルスを廻る。ビンセントの目的を知った', '1037/', '175.jpeg', 'その夜はいつものように始まった。', 'iPbG9uU7BiI', 3, '2012-05-11 22:32:00', '2012-05-20 06:01:35'),
(176, 'サイダーハウス・ルール', '2000年7月1日', 126, 'セント・クラウズの孤児院で生まれたホーマーは、父のように自分を育ててくれたラーチ院長の後を継ぐべく医術を学んでいた。しかし将来に疑問を抱き始めていた彼は、ある日若いカップル、キャンディとウォリーと共に', '1830/', '176.jpeg', '愛はいつもそばにある。', '8SM_uqv8NJ8', 4, '2012-05-11 22:32:00', '2012-05-20 05:58:04'),
(177, 'THE 有頂天ホテル', '2006年1月14日', 136, '「ラヂオの時間」「みんなのいえ」の三谷幸喜が、32年に製作されたグレタ・ガルボ、ジョーン・クロフォード主演の「グランドホテル」で確立された「グランド・ホテル形式」そのままに、オールスターで作り上げた群', '1722/', '177.jpeg', '最悪の大晦日に起きた最高の奇跡 最悪の大晦日は、最高の奇跡の始まりだった。', 'Xo4xY07O1Ww', 3, '2012-05-11 22:43:00', '2012-05-20 05:55:00'),
(178, 'シモーヌ', '2003年9月13日', 117, '「ガタカ」の脚本＆監督、「トゥルーマン・ショー」の脚本も書いたアンドリュー・ニコルが描くSFハリウッド舞台裏コメディ。落ち目の監督タランスキーは、ワガママ女優に苦労させられてうんざり。CG製のバーチャ', '1656/', '178.jpeg', '世界は、まだ知らない。　シモーヌに隠された秘密を・・・！', 'hQSCUPC_oL4', 3, '2012-05-11 22:44:00', '2012-05-20 06:08:37'),
(179, 'Shall we Dance？', '2005年4月23日', 106, '周防正行監督、役所広司、草刈民代主演の大ヒット作「Shall we ダンス？」を、ハリウッドでリメイク。主演にリチャード・ギア、ジェニファー・ロペスを配し、監督は「セレンディピティ」で知られる英国出身', '1167/', '179.jpeg', '幸せに飽きたら、ダンスを習おう。', 'Yp5LIjdKfmY', 3, '2012-05-11 22:44:00', '2012-05-20 06:04:46'),
(180, '守護神', '2007年2月10日', 139, 'アメリカ沿岸警備隊のエリート養成学校を舞台に、それぞれに心に傷を負った教官と訓練生の絆と成長を描いたアクションドラマ。ベン（コスナー）はこれまでに200名以上もの遭難者の人命を救ってきた伝説的なレスキ', '33849/', '180.jpeg', '死んでも、守り抜く──。', 'tZy-wcQIsRU', 3, '2012-05-11 22:44:00', '2012-05-20 13:14:39'),
(181, 'ジュブナイル', '2000年7月15日', 105, 'VFXマンの山崎貴が監督デビューを果たしたSFファンタジー。2000年の夏。少年少女４人が山の中で小さなロボットを発見。メカに強いユースケがロボットをテトラと名付けて修理を始める。テトラは人間の言葉を', '37052/', '181.jpeg', '少年は、その夏 未来を見た。 テトラ、イッショニ、タタカウ。', 'ydy4Lv7Kva0', 1, '2012-05-11 22:44:00', '2012-05-20 12:35:54'),
(182, 'ジュラシック・パーク', '1993年7月', 127, 'はるか昔に絶滅した恐竜たちが現代によみがえったらどうなるだろうか？　破天荒なアイデアを遺伝子工学に基づいて描き、ベストセラーとなったＭ・クライトンの原作を、Ｓ・スピルバーグが特殊技術の粋を尽くして映像', '45490/', '182.jpeg', '５００万年を翔けた夢とアドベンチャー！', 'Bim7RtKXv90', 4, '2012-05-11 22:48:00', '2012-05-20 12:33:58'),
(183, 'ジュラシック・パークIII', '2001年8月4日', 93, 'スピルバーグは製作総指揮のみ担当の第3作。特殊効果のマイケル・ランティエリ、ライブ・アクション・ダイナソーのスタン・ウィンストンは前2作と同じ。編集はジョンストン監督と「ジュマンジ」「遠い空の～」で組', '1462/', '183.jpeg', '空、水中、地上からシリーズ最強の恐竜が襲来！！“もはや人間に逃げ道はない。', 'VnMMM9-p-Sc', 2, '2012-05-11 22:48:00', '2012-05-20 12:32:29'),
(184, 'ショウタイム', ' 2002年11月16日', 95, 'ロサンゼルス市警の堅物刑事ミッチはTVの捜査実況番組『ショウタイム』の主役としてカメラに追われるハメに。しかも、相棒は俳優志望の軽薄な警官トレイ。渋々テレビに出演するミッチだったが、視聴率は急上昇、お', '51680/', '184.jpeg', 'ロス市警史上最悪の危険物。この先カメラお断り！', 'Bh7kMumxe_8', 2, '2012-05-11 22:48:00', '2012-05-20 12:40:28'),
(185, '少林サッカー', '2002年6月1日', 112, 'かつて人気サッカー選手だったが、今は雑用係になっているファンは、少林拳を愛する青年シンと出会い、ブロック塀を蹴り崩す彼の脚力を見込んで、サッカーを教え込む。シンは少林拳仲間を集めてチームを結成。一方、', '1650/', '185.jpeg', '君はまだ、究極のサッカーを知らない。', 'A_6YB59E3Jo', 3, '2012-05-11 22:48:00', '2012-05-20 12:38:57'),
(186, '少林少女', '2008年4月26日', 107, '「少林サッカー」のチャウ・シンチーがエグゼクティブプロデューサーを務め、「踊る大捜査線」シリーズの亀山千広プロデューサーと本広克行監督が再タッグを組んだカンフー・アクション。亡き祖父の道場を継ぐため中', '53298/', '186.jpeg', '彼女に日本は狭すぎる。', '_lJgiXqG-bA', 1, '2012-05-11 22:48:00', '2012-05-20 12:37:40'),
(187, 'ジョーズ', '1975年12月', 124, '製作当時、弱冠27歳だったスティーブン・スピルバーグが、ピーター・ベンチュリーの同名小説を映画化し、大ヒットとなった海洋パニック。海水浴客でにぎわう夏の海に、突如として巨大な人食いザメが出現。若い女性', '45574/', '187.jpeg', '映画史を呑みこんだ＜ジョーズ＞空前の大ヒット！！', 'ucMLFO6TsFM', 5, '2012-05-11 22:54:00', '2012-05-20 12:46:51'),
(188, 'ジョンQ・最後の決断', '2002年11月23日', 116, '最愛のわが子が心臓病に冒され、保険がきかず高額の手術を受けられないことを苦にしたジョンＱは、病院の救急病棟を占拠し、子供の手術を要求するが……。現代アメリカの保険制度の矛盾を取り上げながら進行するヒュ', '51669/', '188.jpeg', 'その時、彼は病院を占拠した。', '96rIjxlHpmE', 4, '2012-05-11 22:54:00', '2012-05-20 12:43:39'),
(189, '白い嵐', '1996年5月18日', 129, '1960年、17歳のチャックは海洋学校オーシャン・アカデミーに入学。彼を含めた12人の訓練生はシェルダン船長が指揮する帆船アルバトロス号に乗り込み、バミューダ諸島からガラパゴス諸島へ航海に出る。その', '14921/', '189.jpeg', '本当の勇気、それを教えてくれたのは、あなたです。', '69ZoLvE9SpQ', 4, '2012-05-11 22:54:00', '2012-05-20 12:42:47'),
(190, 'ジングル・オール・ザ・ウェイ', '1996年12月14日', 90, '家庭より仕事第一の運動器具会社の社長ハワード・ラングストンは、クリスマス・イヴの前日、８歳になる息子ジェイミーの空手帯授与式に出席する約束を守れなかった。ハワードは汚名返上にテレビヒーロー、ターボマン', '45689/', '190.jpeg', 'どうする！シュワ', 'YYbvY9WVe9Q', 3, '2012-05-11 22:54:00', '2012-05-20 12:52:09'),
(191, 'スウィングガールズ', '2004年9月11日', 105, '「ウォーターボーイズ」の矢口史靖監督が、今度は女子高生×ジャズというドッキングで笑い泣かせる、ほのぼの痛快作。のほほんと脱力系の東北弁を話す女の子たちが、なんとはなしにビッグバンド・ジャズの世界で、コ', '41056/', '191.jpeg', 'ジャズやるべ！？', '81mfrQSu5Kw', 4, '2012-05-11 22:54:00', '2012-05-20 12:51:14'),
(192, '殺人の追憶', '2004年3月27日', 131, '韓国で実際に起きた未解決殺人事件をリアルな演出で映画化。86年、ソウル近郊の農村で、同じ手口による若い女性の惨殺事件が連続して発生。地元の刑事パク・トゥマンとソウル市警から派遣された刑事ソ・テユンは対', '1533/', '192.jpeg', 'おまえが殺ったことを憶えているか？', 'y3wblGYXT30', 5, '2012-05-12 02:31:00', '2012-05-20 12:50:07'),
(193, 'シン・レッド・ライン', '1999年4月10日', 171, '　太平洋戦争中の1942年、アメリカ陸軍の部隊がガナルカナル島へ上陸。兵士たちは日本軍と激しい戦闘を続ける一方、複雑な思いを抱えていた。手柄を焦る司令官トール中佐、彼に反発するスタロス大尉、志願して斥', '15407/', '193.jpeg', 'パラダイスは、若者たちの魂の中にある。', 'LCmlOhsIwBk', 1, '2012-05-12 02:31:00', '2012-05-20 12:56:36'),
(194, 'スーパーマン リターンズ', '2006年8月19日', 154, '87年の「スーパーマン4／最強の敵」以来約20年ぶりとなるシリーズ最新作だが、本作は前シリーズ2作目の「スーパーマンII／冒険篇」の続編。クリプトン星の3悪人を倒し、忽然と姿を消したスーパーマンが再び', '1184/', '194.jpeg', 'この夏、真打ちは、最後にやってくる！！', '34epyn6jPG8', 3, '2012-05-12 02:31:00', '2012-05-20 12:55:23'),
(195, 'S.W.A.T.', '2003年9月27日', 111, '麻薬王アレックスが「逃がしてくれたヤツには1億ドル払う」と宣言し、街中のギャングがその賞金のため彼の奪回を計画。そんな状況の中、相棒のせいでS.W.A.T.から追放されていたストリート、女性ながらすご', '1678/', '195.jpeg', '最後まで一緒に闘える、と信じていた。', 'JW3ZFE_GGh0', 2, '2012-05-12 02:31:00', '2012-05-20 12:53:19'),
(196, 'セルラー', '2005年2月26日', 94, 'アクション演出に定評のあるデヴィッド・R・エリス監督が、アカデミー賞女優キム・ベイシンガーを主演に撮り上げたサスペンス・スリラー。誘拐された女性からのＳＯＳを偶然、携帯電話で受信した青年が彼女を助け出', '52477/', '196.jpeg', '見知らぬ部屋。見知らぬ男たち。 最後の望みは、電話の向こうの見知らぬ人。', 's2-wO0kG8as', 4, '2012-05-12 02:31:00', '2012-05-20 13:02:43');
INSERT INTO `movies` (`id`, `name`, `year`, `time`, `summary`, `eigacom`, `poster`, `catchcopy`, `trailer`, `score`, `created`, `modified`) VALUES
(197, 'センター・オブ・ジ・アース', '2008年10月25日', 92, '東京ディズニーシーのアトラクションでも有名な冒険SF文学の巨匠ジュール・ベルヌの「地底旅行」を、数々のハリウッド大作の特殊効果を手掛けてきたエリック・ブレビグ監督が全編フルデジタル3Dで映画化。兄の遺', '53482/', '197.jpeg', '３Ｄメガネ かけて飛び出す、地底探検！', 'KJYwr7d9NuM', 2, '2012-05-12 02:36:00', '2012-05-20 13:00:22'),
(198, '千と千尋の神隠し', '2001年7月20日', 125, '10歳の千尋は、両親と地方都市に引っ越す途中、異世界に迷い込む。そこでは人間は、魔女＝湯婆婆が経営する神さまのための銭湯で働かない限り、ブタや石炭に変身させられてしまうのだった。ブタになった両親を助け', '1639/', '198.gif', 'トンネルのむこうは、 不思議の町でした。', 'yvX0IIfX0GE', 4, '2012-05-12 02:36:00', '2012-05-20 12:58:32'),
(199, 'ソウ', '2004年10月30日', 103, '老朽化した巨大なバスルームで目覚めた互いに面識のない2人の男は「6時間以内に相手を殺すか、2人とも死ぬか」というゲームを強要される。だが誰が何の目的で？　一方で、この犯人が他の被害者たちにもカミソリワ', '1629/', '199.jpeg', '逃げたい、逃げられない・・・。', 'JcdQTXv0PaU', 4, '2012-05-12 02:36:00', '2012-05-20 13:06:53'),
(200, 'ソウ3', '2006年11月18日', 108, '04年、05年に引き続き製作されたゲーム感覚の監禁スリラー第3弾。小学校で発生した殺人事件の現場に呼び出された女刑事ケリーは、現場にある死体が同僚のエリックのものではないと安堵するが、その夜、何者かに', '1630/', '200.jpeg', '謎は新たに生み出される！', 'ZvqkI0VDwhU', 3, '2012-05-12 02:36:00', '2012-05-20 13:06:49'),
(201, 'ソウ2', '2005年10月29日', 93, '斬新なアイデアで構築した巧みなプロットを、スタイリッシュに映像化して話題を呼んだ密室スリラーの続編。前作で世間を騒がせた殺人鬼“ジグソウ”の逮捕に成功した刑事が、思わぬ事態に巻き込まれていく。あらゆる', '52656/', '201.jpeg', '謎は全て明かされる！', 'FMERPGPg49Y', 4, '2012-05-12 02:36:00', '2012-05-20 16:54:25'),
(202, 'ソーシャル・ネットワーク', '2011年1月15日', 121, '世界最大のソーシャルネットワーキングサイト「Facebook」創設者マーク・ザッカーバーグの半生を、鬼才デビッド・フィンチャーが映画化。2003年、ハーバード大学に通う19歳のマークは、親友のエドゥア', '55273/', '202.jpeg', '天才 裏切者 危ない奴 億万長者', 'HsLzKf6Bzhs', 4, '2012-05-12 02:44:00', '2012-05-20 16:52:16'),
(203, 'それでもボクはやってない', '2007年1月20日', 143, '「Shall we ダンス？」の周防正行監督、11年ぶりの新作は、痴漢冤罪事件をテーマにした社会派法廷ドラマ。通勤ラッシュ時に電車に乗っていたフリーターの徹平は、電車を乗り換える際に女子中学生から痴漢', '1661/', '203.jpeg', 'これが、裁判。', 'PygE33pnQSE', 4, '2012-05-12 02:44:00', '2012-05-20 16:50:57'),
(204, 'ダークナイト', '2008年8月9日', 152, 'クリストファー・ノーラン監督＆クリスチャン・ベール主演による「バットマン・ビギンズ」の続編。ゴッサム・シティに現れた史上最悪の犯罪者ジョーカー。バットマン＝ブルース・ウェインは、協力するゴードン警部補', '53214/', '204.jpeg', 'とてつもない悪が笑い始めた。', 'AEHDrjkG_4E', 5, '2012-05-12 02:44:00', '2012-05-20 17:00:21'),
(205, 'ターミナル', '2004年12月18日', 129, 'スピルバーグ監督とトム・ハンクスが「プライベート・ライアン」「キャッチ・ミー・イフ・ユー・キャン」に続き3度目の顔合わせを果たした感動ドラマ。東ヨーロッパの小国からニューヨークの空港に着いたナボルスキ', '1193/', '205.jpeg', '彼は空港(そこ)で待ち続けた。 約束を果たすために…', 'IqgzXQ3b0nU', 4, '2012-05-12 02:44:00', '2012-05-20 16:58:15'),
(206, 'ターミネーター', '1985年5月25日', 108, '2029年から1984年のロサンゼルスへやって来た恐るべき殺人マシーン、ターミネーター。彼は、機械社会で反逆を企てる人間側のリーダー、ジョン・コナーの母サラを抹殺せよという特命を受けていた。一方ジョン', '46382/', '206.jpeg', '殺人マシーンが現代にやって来た…。', 'c4Jo8QoOTQ4', 4, '2012-05-12 02:44:00', '2012-05-20 16:56:22'),
(207, 'ターミネーター2', '1991年8月24日', 137, '大ヒットした1984年製作の「ターミネーター」の続編。時代は、前作から10年後。未来の人間の指導者となる運命を背負ったジョン・コナーも少年に成長。そこに二体のターミネーターが、未来からやって来る。一体', '46383/', '207.jpeg', 'この映画だけは、決して誰にも ストーリーを明かしては いけない。', 'oL1RE8JXaIw', 5, '2012-05-12 02:49:00', '2012-05-20 17:06:00'),
(208, 'ターミネーター3', '2003年7月12日', 109, 'ジェームズ・キャメロン監督の人気シリーズ第3作を「U-571」のジョナサン・モストウ監督が映画化。ドラマは前作の10数年後、20代の青年ジョン・コナーの前に前2作のT-800そっくりのターミネーターT', '1189/', '208.jpeg', '恐れるな。未来は変えられる。', 'WeC-lGnajT0', 2, '2012-05-12 02:49:00', '2012-05-20 17:03:47'),
(209, 'ターミネーター4', '2009年6月13日', 114, '西暦2018年。スカイネットに抵抗する人類の戦いを導くはずのジョン・コナーだが、記憶喪失の謎の男マーカス・ライトとの出会いにより、その決意が揺らぎ始める。果たしてマーカスの正体は……。ジョンはマーカス', '53229/', '209.jpeg', 'どこで誰が、未来を変えたのか?', '4N7AnJ1TM2I', 2, '2012-05-12 02:49:00', '2012-05-20 17:02:25'),
(210, '第9地区', '2010年4月10日', 111, '南アフリカ出身の新鋭ニール・ブロムカンプ監督が、05年製作の自作短編「Alive in Joburg」を長編として作り直したSFアクションドラマ。1982年、南アフリカ上空に突如UFOが飛来。政府は不', '53212/', '210.jpeg', '人類、立入禁止。', 'tWa8hHujYOw', 5, '2012-05-12 02:49:00', '2012-05-20 18:33:48'),
(211, 'タイタンズを忘れない', '2001年4月28日', 113, '1971年、ヴァージニア州のアレキサンドリアという田舎町での実話を映画化した感動作。根強く人種差別が残る保守的な田舎町に押し寄せた公民権運動の波と、それに飲まれた地元高校生たちの友情を描く。白人学校と', '51341/', '211.jpeg', '若者たちはそれを<友情>と呼んだ。大人たちはそれを<奇跡>と呼んだ', '7Itqiy2N6Uo', 4, '2012-05-12 02:49:00', '2012-05-20 18:31:43'),
(212, 'スカイキャプテン　ワールド・オブ・トゥモロー', '2004年11月27日', 107, '1939年のニューヨーク。高名な科学者たちが次々に誘拐され、街には謎の巨大ロボット集団が出現。米空軍傭兵の名パイロット、スカイ・キャプテンと、女性新聞記者ポリーはこの事件を調査していき、天才科学者トー', '1174/', '212.jpeg', '１９３９年、ニューヨーク、巨大ロボット襲撃－。 応答せよ！スカイキャプテン！応答せよ！', '5TKY7n0hKHI', 3, '2012-05-12 16:10:00', '2012-05-20 18:30:48'),
(213, 'スクール・オブ・ロック', '2004年4月29日', 108, '落ちこぼれのミュージシャン、デューイは、良家の子女が通う小学校へ代用教師として潜り込み、毎日子供たちにロックを教え込む。あげくの果てに、学校に内緒でバンド・コンテストにも出場しようと企むが……。監督は', '1163/', '213.jpeg', 'いつだって夢中になれば、人生の成績は"A"がとれる！', 'az6NtmNII9Q', 5, '2012-05-12 16:10:00', '2012-05-20 18:41:19'),
(214, 'スターシップ・トゥルーパーズ', '1998年5月2日', 129, 'ハインラインのヒューゴ賞受賞作『宇宙の戦士』を映画化したSF大作。急速に勢力を拡大した巨大昆虫型異星物バグズと人類が、宇宙戦を繰り広げている未来。ハイスクール卒業を目前に控えたジョニーは裕福な両親への', '45867/', '214.jpeg', '奴らは群れでやってくる！ ', 'Xs7i-v1t-6w', 4, '2012-05-12 16:10:00', '2012-05-20 18:39:37'),
(215, 'スチュアート・リトル', '2000年7月15日', 84, 'リトル家はやさしいパパとママ、一人息子のジョージ、猫のスノーベルの幸せな4人家族。ある日、弟を欲しがるジョージのために養護施設に訪れたリトル夫妻は、人間の言葉を話すネズミ、スチュアートに出逢い、気に入', '1819/', '215.jpeg', 'いまハリウッドNo.1の人気者は、身長7.5㎝!', '1jA5fHzmPcw', 3, '2012-05-12 16:10:00', '2012-05-20 18:35:35'),
(216, 'スチュアート・リトル2', '2002年7月20日', 83, '大ヒットを記録したファミリー・ピクチャーの続編。リトル家の一員として穏やかな日々を送るスチュアートは、悪の権化のファルコンに襲われ傷ついた小鳥のマーガロを助ける。マーガロを介抱するうちにスチュアートは', '51603/', '216.jpeg', '初恋の相手には、クチバシ がありました。', 'HvdNtZ5zPTs', 2, '2012-05-12 16:10:00', '2012-05-20 18:49:22'),
(217, 'スチームボーイ', '2004年7月17日', 126, '1988年の「AKIRA」で世界に日本のアニメーションを知らしめた大友克洋が、製作期間9年、製作費24億円、作画枚数18万枚で描く空想冒険活劇。舞台は19世紀半ば、栄華を誇る大英帝国。発明と機械いじり', '1672/', '217.jpeg', '僕は、未来を、あきらめない', '4lRjugJZ63I', 1, '2012-05-12 16:18:00', '2012-05-20 18:47:34'),
(218, 'スパイダーマン', '2002年5月11日', 121, '原作同様、ニューヨークの街が舞台のため、2001年9月11日の事件により、予告編とポスターの回収を余儀なくされたが、もちろん舞台は替えずに登場。スパイダーマンのコスチュームは原作とは少し色を替えている', '1178/', '218.jpeg', '大いなる力には、大いなる責任が伴う。', 'mFtYmWb9FQA', 4, '2012-05-12 16:18:00', '2012-05-20 18:45:13'),
(219, 'スパイダーマン2', '2004年7月10日', 127, '大学やアルバイトに加え、スパイダーマンとして闘うピーターは、憧れのメリー・ジェーンとすれ違うばかり。スパイダーマンへの復讐を誓う親友のハリーともうまくゆかず、人間関係に悩む。そんな時、優秀な科学者であ', '1179/', '219.jpeg', 'スパイダーマンにはもうならない…2度と', 'bpgrOgypc9g', 5, '2012-05-12 16:18:00', '2012-05-20 18:56:41'),
(220, 'スパイダーマン3', '2007年5月1日', 139, '最愛の人MJ（キルステン・ダンスト）と将来を誓い合い、全てが順調のピーター・パーカー（トビー・マグアワイア）は、謎の液状生命体に取り憑かれて黒くなったスパイダーマンのコスチュームに身を包み、今までにな', '1180/', '220.jpeg', '自分の中に在る<悪>に気づいた時…<悪>と闘い続けられるのか。', 'PCmMLfXdURs', 4, '2012-05-12 16:18:00', '2012-05-20 18:55:07'),
(221, 'スペル', '2009年11月6日', 99, '「スパイダーマン」シリーズを手がけるサム・ライミ監督が、10年の構想を経て描くカルト・ホラー。主演に「ホワイト・オランダー」「ビッグ・フィッシュ」のアリソン・ローマン。昇進を間近に控える銀行員のクリス', '54661/', '221.jpeg', '鑑賞後の放心注意!! ', 'f0u9-yZCw4U', 3, '2012-05-12 16:18:00', '2012-05-20 18:51:14'),
(222, 'スパイダーパニック！', '2002年12月14日', 99, '「デイ・アフター・トゥモロー」のＲ・エメリッヒがプロデュース、巨大クモが街を襲うパニックムービー。有毒廃棄物により研究所のクモが次々に巨大化！　町の人々はショッピング・モールに立てこもり反撃のチャンス', '51791/', '222.jpeg', '一流の製作者たちが最新技術を駆使して遊んじゃいました！', 'aQop4NWFCDY', 3, '2012-05-12 16:23:00', '2012-05-20 20:53:09'),
(223, 'ステルス', '2005年10月8日', 121, '人工知能を搭載した最新鋭の無人ステルス戦闘機が暴走し、米海軍エースパイロットのベン、カーラ、ヘンリーの3人が、阻止するために飛び立つ。「ワイルド・スピード」「トリプルX」のロブ・コーエン監督による航空', '1183/', '223.jpeg', '終わらせない、未来を。', 'YPfqODwT9C0', 1, '2012-05-12 16:23:00', '2012-05-20 20:52:12'),
(224, 'スパイキッズ', '2001年12月15日', 88, 'かつて凄腕のスパイだったグレゴリオとイングリットは、今や幸福な家庭のよき父と母。9年振りに捜査に乗り出した2人は敵に捕まり、彼らの娘と息子が彼らの救出に向かう。「デスペラード」「パラサイト」のロドリゲ', '1668/', '224.jpeg', '非常事態発生！この2人がやるしかない', 'moeKW4yxl0w', 3, '2012-05-12 16:23:00', '2012-05-20 20:50:48'),
(225, 'スパイキッズ2 失われた夢の島', '2002年9月7日', 100, 'アメリカ最年少のスパイ、カルメンとジュニの姉弟に、同世代のライバル、ゲイリーとガーディが出現。ジュニは彼らの妨害でスパイの資格を剥奪される。2人は汚名返上のため、大統領の機密情報を盗んだ犯人を追って謎', '1669/', '225.jpeg', '全世界を熱狂させた 最強×最小のヒーローが帰ってくる！', 'moeKW4yxl0w', 3, '2012-05-12 16:23:00', '2012-05-20 20:49:00'),
(226, '西部戦線異状なし', '1930年', 100, '第一次大戦中、ドイツ軍兵士として参戦して負傷し、戦場と病院を行き来した体験に基づいて書かれたレマルクの世界的ベストセラーの映画化。ドイツの小さな町の学校では戦争の話でもちきりだった。先生は生徒たちに愛', '46101/', '226.jpeg', '西部戦線異状なし、報告すべき件なし。', '0jN5i2fwv-M', 5, '2012-05-12 16:23:00', '2012-05-20 21:02:40'),
(227, 'タイタンの戦い', '2010年4月23日', 106, 'ギリシャ神話に登場する若き勇者ペルセウスが、美しい王女アンドロメダとの愛を成就させるまでを描いた冒険ファンタジー。SFX担当レイ・ハリーハウゼンのダイナメーション方式による数々の怪獣モデルアニメの特撮', '46425/', '227.jpeg', '神も、魔物も、そして運命さえも打ち負かせ。', 'ZbYD8pv0bWI', 3, '2012-05-12 16:26:00', '2012-05-20 20:59:28'),
(228, 'タイムライン', '2007年1月17日', 117, 'マイケル・クライトンの同名小説を「リーサル・ウェポン」シリーズのリチャード・ドナー監督が実物大の城を建設してリアルに映画化。量子力学を用いて時間移動を可能にした装置で、考古学教授が中世の英仏百年戦争時', '1201/', '228.jpeg', 'それは、１４世紀からのＳＯＳ。', '5k2dbYAOlfM', 3, '2012-05-12 16:26:00', '2012-05-20 20:58:29'),
(229, 'タワーリング・インフェルノ', '1975年6月28日', 165, 'サンフランシスコに138階建ての“グラス・タワー”が完成。落成パーティーの最中に81階の倉庫から出火、炎に包まれた超高層ビルはパニック状態に。ビルの設計者や消防隊長らは、思い切った救出作戦に出る。Ｐ・', '46622/', '229.jpeg', '脱出できるか救出なるか 今世紀最大のスペクタクルアドベンチャー', 'nch1URmJvMA', 4, '2012-05-12 16:26:00', '2012-05-20 20:56:07'),
(230, 'ダイナソー', '2000年12月9日', 82, 'ディズニーが最新技術を駆使して製作したスペクタクル・アドベンチャー。6500万年前の白亜紀。卵のときに翼竜に連れ去られキツネザルの孤島で育ったイグアノドンのアラダー。心優しい彼はキツネザルたちを家族の', '46435/', '230.jpeg', 'かつてこの大地に創造を絶するドラマがあった。', 'SHZ3vwX9Fuc', 3, '2012-05-12 16:26:00', '2012-05-20 20:54:42'),
(231, '第三の男', '1952年9月3日', 105, 'イギリス人作家グレアム・グリーンのオリジナル脚本を名匠キャロル・リードが映画化したフィルムノワール。第2次大戦終戦直後、米英仏ソの四カ国による分割統治下にあったウィーンに親友ハリー・ライムを訪ねてきた', '46413/', '231.jpeg', 'たちきれぬ愛の想いを胸に秘め、あのメロディと共に絢爛と甦る映画史上ベストワンの名作！（リバイバル時）', 'M7d9VpSdGhA', 4, '2012-05-12 16:26:00', '2012-05-20 21:09:26'),
(232, '大日本人', '2007年6月2日', 113, 'ダウンタウンの松本人志が映画監督デビューを果たした注目作。松本自身が主演と脚本も務め、構想に5年の歳月を費やしたオリジナリティ溢れるストーリーが展開していく。共同脚本は、松本の幼なじみでもある放送作家', '1894/', '232.jpeg', '松本人志第一回監督作品。', 'なし', 2, '2012-05-12 22:20:00', '2012-05-20 21:06:06'),
(233, 'ダイ・ハード4.0', '2007年6月29日', 128, '95年以来、12年ぶりとなるブルース・ウィリス主演の大ヒットシリーズ第4弾。7月4日のアメリカ合衆国独立記念日にサイバーテロが発生。アメリカ東海岸の交通、通信、金融の各システムが麻痺する中、ジョン・マ', '1929/', '233.jpeg', 'あの男、再起動。', 'xysd9FAZCUo', 4, '2012-05-12 22:21:00', '2012-05-20 21:04:44'),
(234, 'TAXI NY', '2005年1月8日', 98, 'リュック・ベッソン製作・原案のフランス製コメディ・アクション「TAXi」をハリウッドでリメイク。「シカゴ」の女性看守役でアカデミー賞にノミネートされたクイーン・ラティファが凄腕女性タクシー・ドライバー', '1687/', '234.jpeg', 'この女、ブレーキ知らず！', 'sqjNT-PQxzc', 3, '2012-05-12 22:21:00', '2012-05-20 21:14:56'),
(235, 'タキシード', '2002年9月27日', 99, 'ジャッキー・チェンがスピルバーグ主宰の、ドリームワークスと組んだコメディ活劇。ヒロイン、ジェニファー・ラヴ・ヒューイットとの息の合ったコミカルな掛け合いも見ものだ。格闘もダンスも、着ただけでこなせるよ', '51857/', '235.jpeg', 'ハイテク・パワー搭載 完全無欠のタキシード！！', 'RHAOLihH58s', 2, '2012-05-12 22:21:00', '2012-05-20 21:13:18'),
(236, 'ダ・ヴィンチ・コード', '2006年5月20日', 150, 'ダン・ブラウンの世界的ベストセラー小説を「ビューティフル・マインド」のオスカー監督、ロン・ハワードが映画化。ルーブル美術館で館長が殺害される事件が発生。調査を依頼されたハーバード大宗教象徴学教授ラング', '1046/', '236.jpeg', 'ダ・ヴィンチは、その微笑みに、何を仕組んだのか。', 'XiIKxLCrNjY', 2, '2012-05-12 22:21:00', '2012-05-20 21:11:42'),
(237, 'ダニー・ザ・ドッグ', '2005年6月25日', 103, 'ジェット・リーが孤独な男を演じるアクション・ドラマ。殺人マシーンとして調教されてきた男が盲目のピアニストと出会い、初めて人を愛することを知る。眠っていた人間の感情の目覚めをエモーショナルに描出する、力', '52563/', '237.jpeg', '守りたい', 'SwfPjoPkgD4', 3, '2012-05-12 22:28:00', '2012-05-21 00:06:03'),
(238, 'チェンジング・レーン', '2002年11月9日', 98, '気鋭の若手弁護士ギャビンが、出勤途中のハイウェイで接触事故を起こす。重要な法廷に急ぐギャビンは、事故相手ギプソンの示談を断り小切手を渡して立ち去る。だが、ギプソンも別居中の妻との裁判に急いでいた。置き', '51677/', '238.jpeg', 'たった一度の無謀な車線変更―― その瞬間（とき）、 見知らぬ2人の男の人生が交差した・・・', 'zHA5Y_XqnL0', 2, '2012-05-12 22:28:00', '2012-05-20 21:20:01'),
(239, '父､帰る', '2004年9月11日', 105, 'ロシアの新鋭アンドレイ・ズビャギンツェフ監督が、ヴェネチア映画祭グランプリを獲得したロード・ムービー。12年ぶりに家に帰って来た父親が、二人の息子を連れ出してキャンプ旅行に出発。戸惑う子供の複雑な心理', '52268/', '239.jpeg', 'なんで今さら帰ってきたんだ。', 'pO6Xu_xr0G8', 4, '2012-05-12 22:28:00', '2012-05-20 21:18:56'),
(240, '父親たちの星条旗', '2006年10月28日', 132, '　「許されざる者」「ミリオンダラー・ベイビー」のクリント・イーストウッド監督が、太平洋戦争最大の激戦だったといわれる硫黄島の戦いを日米双方の視点から描く映画史上初の2部作。本作はその第1弾で、アメリカ', '33411/', '240.jpeg', '戦争を終わらせた一枚の写真。その真実。', 'KKl9OSdO72s', 4, '2012-05-12 22:28:00', '2012-05-20 21:17:34'),
(241, 'チャーリーズ・エンジェル', '2000年11月11日', 98, 'チャーリー探偵事務所に在籍する美人探偵たちに、誘拐されたノックス・テクノロジー社の創立者、エリック・ノックスと、彼が開発した高性能の音声追跡ソフトを奪回する任務が下された。相棒のボスレーと共に、捜査に', '1033/', '241.jpeg', 'それは美しく、危険な任務＜ミッション＞', 'L6wI2ovQrT8', 3, '2012-05-12 22:28:00', '2012-05-20 21:26:37'),
(242, 'チャーリーとチョコレート工場', '2005年9月10日', 106, 'ティム・バートン監督がロアルド・ダールの児童小説「チョコレート工場の秘密」を、盟友ダニー・エルフマンの音楽による歌と踊り満載で映画化。ジョニー・デップ扮する怪しいチョコレート工場主ウィリー・ウォンカが', '1032/', '242.jpeg', 'さあ、世界一オカシな工場見学へ！', 's9XW1aVnw-I', 3, '2012-05-12 22:34:00', '2012-05-20 21:25:13'),
(243, 'チャイルド・プレイ', '1989年5月', 88, '母親から誕生日のプレゼントとして、言葉を話す“グッド・ガイ”人形をもらった９歳の少年アンディの周辺で、奇怪な殺人事件が次々と発生。やがて人形にまつわる殺人鬼の呪いやブードゥー教の存在が明らかにされる。', '46754/', '243.jpeg', '誰にも忘れられない誕生日がある。', 'NOEpO2w4qS4', 3, '2012-05-12 22:34:00', '2012-05-20 21:24:08'),
(244, 'チャップリンの独裁者', '1960年10月', 126, 'チャーリー・チャップリン初のトーキー作品で最高傑作とも言われる風刺コメディ。第1次大戦末期、トメニア国の兵士として戦線に出ていたユダヤ人の床屋チャーリーは、戦傷によりすべての記憶を失ってしまう。戦後、', '46767/', '244.jpeg', '世界映画史上、永遠に輝く　チャップリン最大の傑作！', 'G6zMR3AHmb4', 5, '2012-05-12 22:34:00', '2012-05-20 22:20:49'),
(245, 'ツイスター', '1996年7月6日 ', 113, '撮影監督として長いキャリアを持つだけでなく、｢スピード」で監督としてもその手腕を披露したＪ・デ・ボンの第２作。子供時代に大竜巻により父親を亡くしたジョーは、大人になってから竜巻の観測チームのリーダーに', '46823/', '245.jpeg', '時に、 自然は人間の最も恐るべき敵になるー ', 'wKSIdx11DnE', 3, '2012-05-12 22:34:00', '2012-05-20 22:18:39'),
(246, 'デアデビル', '2007年4月5日', 103, '監督はジョン・アービング原作の「サイモン・バーチ」のマーク・スティーブン・ジョンソンだが、アクション監督は「マトリックス」のユエン・ウーピンの弟で、「マトリックス」の「2」「3」を兄と共に手がけるユエ', '1045/', '246.jpeg', 'レーダーセンス覚醒！ 彼には、見えない悪が見える。', 'QNx6-CXoyHI', 2, '2012-05-12 22:34:00', '2012-05-20 22:16:34'),
(247, 'デイ・アフター・トゥモロー', '2004年6月5日', 124, '古代気象学者ジャック・ホールが、自らの研究から地球温暖化による世界規模の大災害を予告。その4カ月後、世界各地で異常気象が発生し、彼の仮説が証明されることに……。「インデペンデンス・デイ」のローランド・', '1047/', '247.jpeg', 'あなたはその時、どこにいますか？', 'TPNj7lsbHXI', 3, '2012-05-12 22:38:00', '2012-05-21 00:14:21'),
(248, 'ディープ・インパクト', '1998年5月8日', 121, 'TVシリーズ『ER／緊急救命室』の演出家として注目され、｢ピースメーカー」で劇場デビューを果たしたＭ・レダーの監督第２作。彗星との衝突の危機に直面した地球の混乱ぶりを、壮大なスケールで描くパニック大作', '46882/', '248.jpeg', '海は立ち上がり、都市は沈む　残るは希望のみ', 'fLgSKv2P-ow', 4, '2012-05-12 22:38:00', '2012-05-21 00:10:54'),
(249, 'ディープ・ブルー（1999）', '1999年10月9日', 105, '「ドリヴン」のＲ・ハーリンが手掛けた海洋アクション。太平洋上に浮かぶ海洋医学研究施設アクアティカ。ここでサメの脳組織を抽出して新薬を作り出す研究が続けられていた。だが、投資家を招いて実験を行っている時', '46888/', '249.jpeg', '恐怖、絶叫、そして・・・絶望', 'DbPfXBp9wdE', 3, '2012-05-12 22:38:00', '2012-05-21 00:09:45'),
(250, 'デイライト', '1996年12月21日', 115, 'マンハッタンとニュージャージーを結ぶ海底トンネルで事故が起き、大爆発が発生。トンネルの中に出勤途中の数百人が閉じ込められる。トンネルには有毒ガスと煙が蔓延し、さらにトンネルそのものが崩れ始める。このま', '46915/', '250.jpeg', '偶然がニューヨークに仕掛けた恐るべき大事故！', 'u9VQEaw9Dv0', 3, '2012-05-12 22:38:00', '2012-05-21 00:15:27'),
(251, 'ティアーズ・オブ・ザ・サン', '2003年10月15日', 118, '内戦下のアルジェリア、米軍特殊部隊ウォーターズ大尉は、難民治療にあたっている女医リーナ救出の任務を命じられる。しかし彼女は難民を見捨てて自分だけ助かるわけにはいかないと救出を拒否、ウォーターズと7人の', '1688/', '251.jpeg', '"命令違反"それでも あなたたちを守りたかった。', 'lJriIAmVC8U', 3, '2012-05-12 22:38:00', '2012-05-21 12:51:51'),
(252, 'シービスケット', '2004年1月24日', 141, '大恐慌に喘ぐ1930年代のアメリカ。厩舎に見放された競走馬シービスケット、片目が不自由な騎手、時代に取り残された元カウボーイの調教師、息子を亡くした失意の馬主が出会い、それぞれのやり方で自分の傷を治し', '1634/', '252.jpeg', '一度 や二度のつまずきは誰にでもある。', 'nisbTaNTQ0E', 4, '2012-05-13 02:14:00', '2012-05-21 12:50:55'),
(253, 'テキサス・チェーンソー', '2004年3月20日', 97, '73年の夏、コンサート会場に向かうためテキサスの田舎を車で通過しようとする5人の若い男女。彼らは想像を絶する事態に遭遇、ひとりずつ切り刻まれていく。73年のトビー・フーパー監督のカルト映画「悪魔のいけ', '1692/', '253.jpeg', '悲鳴の祭典。', 'Mra_Z3cpGCM', 3, '2012-05-13 02:14:00', '2012-05-21 12:49:13'),
(254, 'ターザン', '1999年12月18日', 88, '嵐で船が難破し、アフリカの未開のジャングルに漂着した英国貴族の夫婦とその乳飲み子。一家が密林で生きていく決意をしたその矢先、夫婦はヒョウのサボーに襲われ殺されてしまう。一方、ゴリラの群れを率いるボス、', '1795/', '254.jpeg', '君は、ついてこれるか。', 'rpwr5IbHSMA', 3, '2012-05-13 02:14:00', '2012-05-21 12:57:20'),
(255, '天使と悪魔', '2009年5月15日', 140, 'ダン・ブラウンの世界的ベストセラーを映画化した「ダ・ヴィンチ・コード」に続く、ハーバード大学教授ロバート・ラングドン（トム・ハンクス）を主人公としたサスペンスミステリー第2弾。爆発すれば核にも勝る驚異', '53208/', '255.jpeg', 'ガリレオの暗号が、ヴァチカンを追いつめる。', 'LR9h_eDGgKE', 4, '2012-05-13 02:14:00', '2012-05-21 12:55:29'),
(256, 'スター・トレック（2009）', '2009年5月29日', 120, '「M:i:III」のJ・J・エイブラムス監督が、同名人気シリーズを新たに描き出したSFアドベンチャー。伝説のキャプテンを父に持つジェームズ・T・カークが惑星連邦艦隊へ入隊。新造されたUSSエンタープラ', '53183/', '256.jpeg', 'なぜ挑むのか', 'x67yep2g__I', 4, '2012-05-13 02:14:00', '2012-05-21 12:53:53'),
(257, '電車男', '2005年6月4日', 101, '書籍、漫画、朗読劇にもなり、話題集中のインターネット発の純愛物語を、数々のTVドラマを手掛けてきた村上正典が映画化。まったく女性に縁のなかったオタク青年が憧れの女性と出会ったことで、恋のアドバイスを求', '41347/', '257.jpeg', '美女とヲタクの純情恋物語', 'NMR_XqgSQcQ', 3, '2012-05-13 02:20:00', '2012-05-21 13:06:26'),
(258, 'デスノート', '2006年6月17日', 127, '「このノートに名前を書かれた人間は死ぬ」。死神が落とした“死のノート＝デスノート”を拾ったのは、誰にも負けない頭脳を誇るエリート大学生・夜神月。彼は、理想の世界を築くため、自らの手で世界中の犯罪者を裁', '33420/', '258.jpeg', 'そのノートに名前を書かれた 人間は死ぬ。', 'なし', 3, '2012-05-13 02:20:00', '2012-05-21 13:07:52'),
(259, 'デスノート the Last name', '2006年11月3日', 140, '死神が落とした“死のノート＝デスノート”で、キラとして犯罪者たちを裁く夜神月と名探偵Lとの対決は、死神レムともう1冊のデスノートの登場により、予想のつかない事態へと発展してゆく。「週刊少年ジャンプ」に', '33729/', '259.jpeg', '最後に名前を書かれるのは。誰だ。', 'otk6Xf8Hw-o', 3, '2012-05-13 02:20:00', '2012-05-21 13:07:57'),
(260, '12モンキーズ', '1996年7月', 130, '謎の細菌に侵された近未来から、原因究明のために1996年にタイムトラベルした男の活躍を描いたSFサスペンス。人類の99パーセントが謎のウイルスによって滅亡した近未来。その原因を探るために科学者グループ', '47142/', '260.jpeg', 'み・ん・な・消・え・る', 'TSlVn5k4BJU', 3, '2012-05-13 02:20:00', '2012-05-21 12:58:43'),
(261, 'トゥモロー・ワールド', '2006年11月18日', 109, '英ミステリ界の女王P・D・ジェイムズのベストセラー「人類の子供たち」を「ハリー・ポッターとアズカバンの囚人」「天国の口、終りの楽園。」のアルフォンソ・キュアロン監督が映画化。人類に子供が生まれなくなっ', '1713/', '261.jpeg', '唯一の希望を失えば、人類に明日はない。', '1lK_-ObxCkA', 4, '2012-05-13 02:20:00', '2012-05-23 12:40:46'),
(262, '遠い空の向こうに', '2000年2月26日', 108, '米ソ冷戦時代のアメリカ、コールウッド。ここに生まれた男は誰もが将来炭坑夫になると約束されたこの町で、高校生ホーマーは自分の将来に不安を感じていた。そんな1957年10月4日。ホーマーは星空を美しい軌跡', '1860/', '262.jpeg', '未来を見つめる少年 過去の栄光に生きる父 それぞれに夢を求めて・・・', 'CtWzbkFGxbk', 5, '2012-05-13 02:25:00', '2012-05-23 12:39:01'),
(263, '10日間で男を上手にフル方法', '2003年8月9日', 116, '雑誌のHOW TO記事を書くために、男性にわざとフラれようと試みる女性編集者の物語。人気若手女優ケイト・ハドソンのキュートなワガママぶりが笑いを呼び起こすロマンティック・コメディだ。編集者アンディが、', '51953/', '263.jpeg', '全ての女性を魅了する逆恋愛マニュアル', 'qGMaRb4Z2OI', 3, '2012-05-13 02:25:00', '2012-05-23 12:37:01'),
(264, 'ドーン・オブ・ザ・デッド', '2004年5月15日', 98, 'ジョージ・A・ロメロ監督の傑作ホラー、「ゾンビ」（78）をリメイク。突如、動き回る死体が大量発生。アナは数人の生存者ともにショッピングモールに立て籠もるが、周囲は死人たちに取り囲まれていた。監督はCM', '1355/', '264.jpeg', '感染するまで、終わらない－。', '8LUzJAsa-gg', 4, '2012-05-13 02:25:00', '2012-05-23 12:47:26'),
(265, '時をかける少女（2006）', '2006年7月15日', 98, 'これまで何度もテレビドラマや映画で映像化されてきた筒井康隆の名作小説を初アニメ化。ひょんなことから過去へ行くことの出来る力を手に入れた真琴が、過去を変えてしまったために巻き起こる騒動を描く。監督は「O', '33423/', '265.jpeg', '待ってられない 未来がある。', 'ge-CeHgimHU', 4, '2012-05-13 02:25:00', '2012-05-23 12:45:43'),
(266, 'ドクター・ドリトル2', '2001年7月21日', 82, '98年公開の「ドクター・ドリトル」の続編。前作で“動物と話ができる医者”として有名になったドリトルは、TV出演もする人気医師に。美人の妻と2人の娘との平和な日々に、ビーバーから「森が無くなっちゃう！」', '1361/', '266.jpeg', 'ドリトル先生が 帰ってくる！ ', 'qx2g-BaOpu4', 2, '2012-05-13 02:25:00', '2012-05-23 12:42:18'),
(267, 'ドクター・ドリトル', '1998年12月19日', 84, 'ヒュー・ロフティングの名作『ドリトル先生物語』を現代風にアレンジし、映画化したほのぼのコメディ。車で轢きそうになった犬が“気をつけろ！ ”と怒鳴ったのを聞いて以来、動物と会話ができるようになった病院の', '47205/', '267.jpeg', 'ドクター・ドリトル それは、不思議な能力を持つ男。', 'ozMmf9Yi7TM', 4, '2012-05-13 02:29:00', '2012-05-24 22:03:37'),
(268, '閉ざされた森', '2003年9月13日', 98, '「ダイ・ハード」のジョン・マクティアナン監督が、熱帯のジャングルを舞台に描く二転三転サスペンス。レンジャー部隊教官が密林での訓練中に不審な死を遂げるが、関係者が証言するたびに、事態は次々に新たな様相を', '1278/', '268.jpeg', '真実ほど、疑わしきものはない。', '5TBBhkzGktQ', 3, '2012-05-13 02:29:00', '2012-05-24 22:00:10'),
(269, 'トスカーナの休日', '2004年6月12日', 113, 'Ｆ・メイズのベストセラー小説をもとに描く、傷ついた女性の再生物語。離婚という悲劇に打ちのめされた女性作家が、友情に支えられ、人々の温かい心に触れるうちに、次第に立ち直っていく。そんなヒロインをＤ・レイ', '52213/', '269.jpeg', '新しい生活、 新しい出会い、 新しい“私”…。 10日間の休日はいま、 永遠になる――。', 'hWEkGQPDkV0', 3, '2012-05-13 02:29:00', '2012-05-24 21:58:49'),
(270, 'となりのトトロ', '1988年4月16日', 88, '宮崎駿が監督、原作、脚本を務めた、スタジオジブリの劇場用アニメーション作品。入院中の母のため、考古学者の父とともに、田舎の一軒家へ引っ越してきたサツキとメイ。近所の少年にお化け屋敷と呼ばれたその家には', '21235/', '270.jpeg', 'このへんな生きものは　まだ日本にいるのです。たぶん。', 'VCuULxET4Js', 4, '2012-05-13 02:29:00', '2012-05-24 22:12:17'),
(271, 'トランスフォーマー', '2007年8月4日', 144, '自動車、ヘリコプター、戦闘機など地球上のあらゆるマシンの姿をトレースし、人型ロボットへ変形することができる未知の金属生命体が地球に襲来。人類に対して侵略を開始する。そんな時、先祖の探検家が南極で発見し', '1916/', '271.jpeg', '未知なる侵略はトランスフォーム（変形）から始まる!', 'VBZo8iPdACg', 4, '2012-05-13 02:29:00', '2012-05-24 22:07:41'),
(272, 'トランスフォーマー　リベンジ', '2009年6月20日', 150, '2007年に大ヒットを記録したSFアクション大作「トランスフォーマー」の続編。正義のトランスフォーマー“オートボット”との戦いに敗れた悪の“ディセプティコン”が、合体トランスフォーマーのデバステイター', '53181/', '272.jpeg', '新たなる「変身」（トランスフォーム）はリベンジから始まる。', '9EyMhtegKoo', 3, '2012-05-13 02:32:00', '2012-05-24 22:07:51'),
(273, 'トリック劇場版', '2002年11月9日', 119, 'テレビ朝日系金曜ナイトドラマ枠史上最高のヒット作となった人気TVシリーズの劇場版。自称売れっ子天才奇術師奈緒子と、天才物理学者上田のコンビが、超常現象を解き明かすという、シリーズの設定はそのまま。30', '1716/', '273.jpeg', '全ての奇蹟にタネがある。 はず。', 'なし', 2, '2012-05-13 02:32:00', '2012-05-24 22:22:12'),
(274, 'トリック　劇場版2', '2006年6月10日', 111, '深夜ドラマとして放送され人気を博した「TRICK」シリーズの劇場版第2弾。主演は仲間由紀恵と阿部寛、監督はドラマ版からメガホンをとってきた堤幸彦。天才物理学者・上田次郎の研究室に、青沼という青年が訪ね', '55512/', '274.jpeg', '今度の奇蹟はイリュージョン!?', 'なし', 2, '2012-05-13 02:32:00', '2012-05-24 22:17:54'),
(275, 'トレマーズ', '1990年6月15日', 96, 'ネバダの砂漠地帯に異常な震動が観測された。若い女性地震学者と付近の町の住人は謎を解明しようと力を合わせるが、やがて無残に切り裂かれた死体が一つ、また一つと現れる。一体何者の仕業なのか……。低予算ながら', '47364/', '275.jpeg', '土煙をあげて、　大地が裂けてゆく- 突然おこった地核変動の謎は？', '-2XlKqCTXFg', 4, '2012-05-13 02:32:00', '2012-05-24 22:14:33'),
(276, 'トロイ', '2004年5月22日', 168, 'トロイの王子パリスが、スパルタ王の妻ヘレンと恋に落ちて彼女を略奪。スパルタ王の兄アガメムノンは、それを口実にトロイを征服するべく、ギリシャ諸国の戦士からなる大軍隊を率いてトロイに向かう。その戦の中でギ', '1206/', '276.jpeg', 'それは史上最大の「愛」のための戦い――', '4wdUx7sr6I4', 2, '2012-05-13 02:32:00', '2012-05-24 22:53:30'),
(277, 'トロン：レガシー', '2010年12月17日', 125, '1982年に世界初のデジタル・コンピュータ・グラフィックスを導入したSFアドベンチャー「トロン」の3D版続編。「トロイ」「エラゴン」のギャレット･ヘドランドが主演を務め、その父を「クレイジー・ハート」', '55210/', '277.jpeg', '生き抜くのだ。お前に できるのは、それだけ・・・', 'HWH1xH1dQ88', 4, '2012-05-13 02:37:00', '2012-05-24 22:49:06'),
(278, 'どろろ', '2007年1月27日', 138, '「黄泉がえり」「カナリア」の塩田明彦監督が手塚治虫原作の同名漫画を妻夫木聡＆柴咲コウ主演で映画化。戦乱の世を憂う武将・醍醐景光は、天下統一する力を得るために生まれたばかりの息子の身体の48カ所を魔物に', '1367/', '278.jpeg', '物語が、動き出す。', 'Usu7cnfyjJI', 1, '2012-05-13 02:37:00', '2012-05-24 23:09:39'),
(279, 'スピリット(2006)', '2006年3月18日', 104, '19世紀末から20世紀にかけて活躍した実在の中国武闘家、フォ・ユァンジアを描く格闘映画。優れた武術家を父に持つ少年フォ・ユァンジアは、父に拒まれても鍛錬を積み、やがて地元一の格闘家となる。だが、弟子の', '1666/', '279.jpeg', '見たこともない、強さが 欲しかった。 聞いたこともない、生き方に会いたかった。', 'tu6JstHFHlc', 4, '2012-05-13 02:37:00', '2012-05-24 23:07:18'),
(280, 'ジュマンジ', '1996年3月', 104, '12歳のアランは、ニューハンプシャー州の小さな町で製靴工場を営む名家パリッシュ家の一人息子。ある日彼は工事現場の中から太鼓の音が聞こえてくるのに気付き、土の中から古い木箱を掘り出す。ふたを開けてみると', '45488/', '280.jpeg', '死にたくなかったら、ゲームを続けるしかない。', 'DSJffCGVceY', 4, '2012-05-13 02:37:00', '2012-05-24 23:02:30'),
(281, 'ナイトミュージアム2', '2009年8月12日', 105, '真夜中に展示物が動き出す美術館を描いたコメディ「ナイトミュージアム」の続編。主演のベン・スティラーをはじめ前作キャストが再集結するほか、「魔法にかけられて」「ダウト」のエイミー・アダムスが女性で初めて', '53551/', '281.jpeg', '歴史も宇宙も美術も！ 世界最大の博物館が動き出す!!', 'FHdEs3ItNcE', 3, '2012-05-13 02:37:00', '2012-05-25 00:30:17'),
(282, 'ナイトミュージアム', '2007年3月17日', 108, 'バツイチ＆失業中だったラリーはニューヨークの自然史博物館で夜警の仕事を手に入れるが、そこは真夜中になると展示物たちが動き出す驚異のミュージアムだった。主演は「ドッジボール」等コメディー俳優として活躍す', '1134/', '282.jpeg', '真夜中には信じられないことが起こるんです。', 'ahsAfstdqZ0', 4, '2012-05-13 02:44:00', '2012-05-25 00:30:43'),
(283, 'ナショナル・トレジャー　リンカーン暗殺者の日記', '2007年12月21日', 124, 'ジェリー・ブラッカイマー製作、ニコラス・ケイジ主演で大ヒットを記録したアクション・アドベンチャー第2弾。歴史学者で冒険家のベン・ゲイツのもとに、ウィルキンソンと名乗る男から、第16代大統領リンカーンを', '53061/', '283.jpeg', 'すべての謎は「禁断の暗号」を解く鍵。', 'VKGA2ivQcLg', 3, '2012-05-13 02:44:00', '2012-05-25 00:33:34'),
(284, 'ナショナル・トレジャー', '2005年3月19日', 131, '「パイレーツ・オブ・カリビアン」のジェリー・ブラッカイマー製作のアドベンチャー。ニコラス・ケイジ扮する歴史学者で冒険家の主人公が、テンプル騎士団の財宝の行方を追い、アメリカ独立宣言書にその鍵が隠されて', '1560/', '284.jpeg', 'その封印を解く最初の鍵は、 アメリカ独立宣言書にあった…', '7yS1i9Zq3HE', 4, '2012-05-13 02:44:00', '2012-05-25 00:32:30'),
(285, 'NOTHING〈ナッシング〉', '2005年9月17日', 89, '斬新なヴィジュアル・センスとアイデアでセンセーションを巻き起こした「CUBE」「カンパニー・マン」の異才ヴィンチェンゾ・ナタリの長編第３作。仕事や人間関係など、嫌なものをすべて消し去り、何もない“無”', '52622/', '285.jpeg', ' 扉を開けると、世界は消え始めて いた。', 'zc8XXv3pl10', 1, '2012-05-13 02:44:00', '2012-05-25 00:54:47'),
(286, 'ナッティ・プロフェッサー　クランプ教授の場合', '1996年9月7日', 96, 'ジェリー・ルイス主演の「底抜け大学教授」を、主人公が大デブというアレンジでリメイクした爆笑コメディ。体重180キロに悩むウエルマン大学のクランプ教授は、脂肪遺伝子を刺激する薬を開発して、スリムなボディ', '47462/', '286.jpeg', '何が私に起こったか？', '_lM_AXqlcHY', 3, '2012-05-13 02:44:00', '2012-05-25 01:02:29'),
(287, 'ナルニア国物語　第1章：ライオンと魔女', '2006年3月4日', 140, '世界中で愛されている名作ファンタジー「ナルニア国ものがたり」をディズニーが映画化。半馬半人のケンタウロスや半山羊半人のフォーンなど伝説上の生物たちが住み、動物たちが人間の言葉で話す不思議の国ナルニアで', '1132/', '287.jpeg', 'ナルニア暦1000年—— 《その国》は春を奪われ、 100年の冬に凍えていた…。', 'AuU7mstMp9c', 2, '2012-05-13 02:48:00', '2012-05-25 01:01:47'),
(288, '2012', '2009年11月21日', 158, '「インデペンデンス・デイ」「デイ・アフター・トゥモロー」のローランド・エメリッヒ監督が手がけるディザスター・ムービー。古代マヤ文明の暦が終わる2012年12月21日に地球が滅亡するという予言を題材に、', '53616/', '288.jpeg', '2012年12月21日マヤの予言通り、 世界は終わる──。', '_qi6evmH_AU', 4, '2012-05-13 02:48:00', '2012-05-25 01:01:00'),
(289, '21グラム', '2004年6月5日', 124, '余命1カ月と診断されて心臓移植の提供者を待つポール、夫と娘たちと幸福な生活を営むクリスティーナ、強い信仰心を持つ前科者ジャック。ある事件を契機に、3人の男女の運命が交錯していく。\r\nデビュー作「アモー', '1002/', '289.jpeg', '誰もがいつか失う重さ。', 'FZXR9ZrRR2c', 4, '2012-05-13 02:48:00', '2012-05-25 01:12:12'),
(290, '日本沈没（2006）', '2006年7月15日', 135, '73年にもオールスターキャストで映画化された小松左京によるSF小説を「ローレライ」（05）で長編劇場映画デビューを果たした樋口真嗣監督がリメイク。日本海溝直下の大規模な地殻変動により日本列島の大部分が', '1566/', '290.jpeg', 'いのちよりも大切なひとがいる。1億2000万人、すべての日本人に捧ぐ――', '7i59_qjmNPU', 2, '2012-05-13 02:48:00', '2012-05-25 01:06:19'),
(291, 'ニューオーリンズ・トライアル', '2004年1月31日', 128, '「ペリカン文書」などの人気リーガル・サスペンス作家ジョン・グリシャムの「陪審評決」を、「コレクター」「サウンド・オブ・サイレンス」のゲイリー・フレダー監督が映画化。銃乱射事件の裁判の裏側で、陪審員工作', '1562/', '291.jpeg', 'この審判（トライアル）は――プライドの殴り合い。', 'CaVZ0-oc0bA', 5, '2012-05-13 02:48:00', '2012-05-25 01:04:12'),
(292, 'ニュースの天才', '2004年11月27日', 94, '98年、政治雑誌「The New Republic」誌の最年少記者スティーブン・グラスはスクープを続々執筆して注目を浴びるが、彼の記事がすべて捏造だったことが判明する。この実話についてのピューリッツア', '1643/', '292.jpeg', 'ニュースに、本当と、嘘 はあるのか?', 'なし', 2, '2012-05-13 03:02:00', '2012-05-25 01:23:28'),
(293, 'ＮＩＮ×ＮＩＮ　忍者ハットリくん　ＴＨＥ　ＭＯＶＩＥ', '2004年8月28日', 100, '藤子不二雄Ａの人気コミックを実写で映画化。香取慎吾が持ち前の明るさと愛嬌で、ハットリくんを好演。宿敵、ケムマキをガレッジセールのゴリが、盲目のヒロインを田中麗奈が演じる。主となった少年との友情と活躍を', '41053/', '293.jpeg', 'だれだ？', 'NzZItmQUM7I', 1, '2012-05-13 03:02:00', '2012-05-25 01:21:42'),
(294, '鳥', '1963年7月20日', 119, 'サンフランシスコの近郊にある漁村。ある日、一羽の鴎が若い女性の額を襲った。翌日、大群の鴎が押し寄せ、暖炉からは無数の小鳥が侵入してくる。ついに鳥の襲撃が始まり、人々は原因もわからぬまま逃げまどう。ヒッ', '47333/', '294.jpeg', '鳥たちが、人間を食いちぎる　このショック！　凄まじい恐怖が、あなたを襲う！', 'fjj32CavzU0', 4, '2012-05-13 03:02:00', '2012-05-25 01:19:03');
INSERT INTO `movies` (`id`, `name`, `year`, `time`, `summary`, `eigacom`, `poster`, `catchcopy`, `trailer`, `score`, `created`, `modified`) VALUES
(295, '猫の恩返し', '2002年07月20日', 75, '宮崎駿が企画し、「耳をすませば」の姉妹編として柊あおいが書き下ろした原作をもとに、新進の森田宏幸が監督したファンタスティックな女の子の青春アニメーション映画。車に轢かれそうになった猫を助けた高校生のハ', '40559/', '295.jpeg', '猫になっても、いいんじゃないッ？', '7AB7akDuqq8', 4, '2012-05-13 03:02:00', '2012-05-25 01:16:38'),
(296, 'ノー・マンズ・ランド', '2002年5月25日', 98, 'アカデミー外国語映画賞、カンヌ映画祭脚本賞などを受賞。93年、ボスニア紛争下、ボスニアとセルビアの中間地帯“ノー・マンズ・ランド”に取り残された2国の兵士チキとニノの駆け引きに、彼らの周囲の国連防護軍', '1569/', '296.jpeg', 'この戦争は、何のため？', 'YL8IF6431n4', 5, '2012-05-13 03:02:00', '2012-05-25 01:42:05'),
(297, 'パール・ハーバー', '2001年7月14日', 183, '陸軍航空隊の若き精鋭パイロット、レイフとダニーは兄弟同然に育った親友同士。ある日2人は美しい看護婦イブリンと出会い、レイフはイブリンと恋に落ちる。だが世界中に戦火が広がる中、理想に燃えるレイフは中立国', '1593/', '297.jpeg', '全世界に捧ぐ、世紀のドラマ。', 'Xr6pVUv9cJQ', 1, '2012-05-13 03:09:00', '2012-05-25 01:35:21'),
(298, 'バイオハザード', '2002年8月31日', 101, '古い洋館で目覚めたアリスは、それまでの記憶を失っていることに気づく。そこに武装した特殊部隊が登場。彼女を伴い、洋館の地下通路から、秘密研究所で起きた異変の調査に向かう。異変とは？　また彼女の正体は？　', '1019/', '298.jpeg', '生き残る。たとえ一人でも', 'jwOznJJfWdA', 3, '2012-05-13 03:09:00', '2012-05-25 01:34:15'),
(299, 'バイオハザードII アポカリプス', '2004年9月11日', 94, 'ヒット作「バイオハザード」の直後からストーリーが続く続編。前作の監督ポール・W・S・アンダーソンは脚本と製作に回り、監督は「デアデビル」などの第2班監督を務めてきたアレクサンダー・ウィット。主人公は前', '1291/', '299.jpeg', 'タイムリミットは４時間、少女を救って脱出せよ。', 'veaGIKH_DsI', 3, '2012-05-13 03:09:00', '2012-05-25 01:34:10'),
(300, 'バイオハザードIII', '2007年11月3日', 94, 'ミラ・ジョボビッチ主演による大ヒット・アクションのシリーズ第3弾。前作から数年後、T-ウイルスが世界中に蔓延し、地上はアンデッドで埋め尽くされていた。アンブレラ社による追跡を避けながら1人で生き抜いて', '34219/', '300.jpeg', 'あの惨劇から8年、絶滅への最終章が始まる。', 'Z3AoF7xuoMw', 2, '2012-05-13 03:09:00', '2012-05-25 01:32:41'),
(301, 'パイレーツ・オブ・カリビアン　呪われた海賊たち', '2003年8月2日', 143, '「カントリー・ベアーズ」に続くディズニーランドのアトラクションの映画化企画第2弾は「カリブの海賊」。月光の下では生きた白骨と化す呪われた海賊たち。その呪いを解く鍵となるペンダントを持つのは、総督の娘エ', '1148/', '301.jpeg', 'その呪いを解くのは、愛――。', '0Z1XpfbuZOA', 3, '2012-05-13 03:09:00', '2012-05-30 01:14:58'),
(302, 'パイレーツ・オブ・カリビアン　デッドマンズ・チェスト', '2006年7月22日', 151, '03年に大ヒットを記録したジョニー・デップ主演の海洋アドベンチャー第2弾。前作で恋人同士になったウィル（ブルーム）とエリザベス（ナイトレイ）は婚約して結婚式の準備を進めていたが、スパロウ船長（デップ）', '1806/', '302.jpeg', 'さらば、ジャック・スパロウ――', 'ozk0-RHXtFw', 2, '2012-05-13 03:15:00', '2012-05-30 01:15:03'),
(303, 'ハウルの動く城', '2004年11月20日', 119, '英国のファンタジー作家ダイアナ・ウィン・ジョーンズの「魔法使いハウルと火の悪魔」の映画化作。父親の帽子店で帽子を作って暮らしていた18歳のソフィーは、荒野の魔女の呪いで90歳の老婆の姿になってしまう。', '1434/', '303.jpeg', 'この城が動く。', 'm8pa2AcNHXE', 2, '2012-05-13 03:15:00', '2012-05-30 01:09:04'),
(304, 'バック・トゥ・ザ・フューチャー', '1985年12月', 116, 'スティーブン・スピルバーグ製作総指揮の下、ロバート・ゼメキス監督が手がけ大ヒットを記録したSFアドベンチャー。1985年、高校生のマーティ・マクフライは、近所に住む科学者のエメット・ブラウン博士（通称', '47965/', '304.jpeg', 'スピルバーグがまたやった！！', 'C8p6LVGGrMM', 5, '2012-05-13 03:15:00', '2012-05-30 01:25:31'),
(305, 'バックドラフト', '1991年7月6日', 136, '兄弟愛に、放火事件のサスペンスを絡めたＲ・ハワード監督の大作。幼い頃に、父を失ったスティーブンとブライアンの兄弟。スティーブンは、今や亡き父と同様消防士になっていた。そこに、弟のブライアンが新米として', '47970/', '305.jpeg', '炎よりも激しく燃える愛と、青春に命をかけた兄と弟…', 'VMDTLH2YEGY', 5, '2012-05-13 03:15:00', '2012-05-30 01:22:21'),
(306, 'バッドサンタ', '2004年12月4日', 91, '「ゴーストワールド」のテリー・ツワイゴフ監督が、ビリー・ボブ・ソーントンを主演に描く心温まる物語。アル中のウィリーは自分を社会の落ちこぼれだと考え、アルバイトでデパートのサンタクロースに扮しては、強盗', '1273/', '306.jpeg', '史上最悪のサンタクロースより、メリークリスマス！！', 'Fv1rGImJYQQ', 4, '2012-05-13 03:15:00', '2012-05-30 01:20:53'),
(307, 'バッドボーイズ2バッド', '2003年11月29日', 146, '「アルマゲドン」のマイケル・ベイ監督の95年のデビュー作、8年振りの続編を彼自身が監督。今や大スターとなった主演コンビ、ウィル・スミスとマーティン・ローレンスが続投。脚本は「ティン・カップ」などの監督', '1280/', '307.jpeg', 'この二人が、世界の常識を叩きつぶす！！', 'CamSXgq8lK4', 2, '2012-05-13 03:20:00', '2012-05-30 01:34:55'),
(308, 'バットマン ビギンズ', '2005年6月18日', 140, 'DCコミックスの人気キャラ「バットマン」の新作。両親を目の前で殺された大富豪ブルース・ウェインが、いかにしてバットマンとなり、悪と戦うに至るかを描く。監督は「メメント」「インソムニア」のクリストファー', '1015/', '308.jpeg', '全く新たな衝撃が舞い降りる！！', 'vak9ZLfhGnQ', 4, '2012-05-13 03:20:00', '2012-05-30 01:33:13'),
(309, 'ハッピーフライト', '2008年11月15日', 103, '「ウォーターボーイズ」「スウィングガールズ」の矢口史靖監督が、旅客機にまつわる人々の悲喜こもごもをコメディタッチで描く。羽田空港から飛び立とうとしているホノルル行きチャーター便・NH1980に、機長昇', '53308/', '309.jpeg', 'ヒコーキ、飛ばします。', 'iKWr-VTbshk', 4, '2012-05-13 03:20:00', '2012-05-30 01:29:29'),
(310, 'パニック・ルーム', '2002年5月18日', 112, '夫と離婚し、娘と住む新居に越してきたメグは、その夜、強盗団の侵入に気づき、娘とともにパニック・ルーム＝緊急時の避難用個室に逃れる。が、引っ越ししたばかりのこの部屋の電話がまだ通じていない。しかも、強盗', '1142/', '310.jpeg', 'その部屋が作られた目的はたったひとつ。決して何者も中へ入れないこと――', 'gkII_JShveI', 3, '2012-05-13 03:20:00', '2012-05-30 01:49:31'),
(311, 'ハムナプトラ／失われた砂漠の都', '1999年6月26日', 124, '3000年前の古代エジプト、国王の愛人と恋に落ち、国王を殺害した高僧イムホテップはその罰として生きたままミイラにされてしまう。そして1926年、傭兵上がりの囚人リックは美人エジプト学者エヴリンやその兄', '48079/', '311.jpeg', '封印された”呪い”が解ける時、遥か３，０００年の時を越えて”エジプト１０の災い”が現実となる！！', 'VRyGh4bmZ9U', 3, '2012-05-13 03:20:00', '2012-05-30 01:53:11'),
(312, 'スコア', '2001年9月22日', 125, '世界を股にかける超一流の泥棒ニックは、長年のパートナー、マックスから新たな仕事を依頼される。それは地元モントリオールの税関に保管されたフランス王家の秘宝の杓を盗み出すというもので、障害者と偽って清掃職', '51328/', '312.jpeg', '3000万ドルのヤマ、3人のプロフェッショナル、最後に笑うヤツは誰だ。', '4DE0aQnYDH8', 2, '2012-05-13 23:01:00', '2012-05-30 01:43:52'),
(313, '天空の城ラピュタ', '1986年8月2日', 124, 'ジョナサン・スウィフトの「ガリヴァー旅行記」に登場する天空の島、ラピュタを題材に、宮崎駿が監督、脚本を手がけた、スタジオジブリの劇場用アニメーション作品。鉱山町で、見習い機械工として働く少年パズーは、', '20356/', '313.png', 'ある日、少女が空から降ってきた・・・', 'VDyqeUr7hDA', 5, '2012-05-13 23:02:00', '2012-05-30 02:08:47'),
(314, 'ハムナプトラ3 呪われた皇帝の秘宝', '2008年8月16日', 112, '人気アドベンチャーシリーズ第3弾。監督は前2作のスティーブン・ソマーズから「トリプルX」「ステルス」のロブ・コーエンに、ヒロインのエブリン役はレイチェル・ワイズからマリア・ベロにバトンタッチ。ジェット', '53483/', '314.jpeg', '神秘の宝をめぐり、死者の軍団との壮大な 戦いが幕を開ける！', 'CevVOHCGoQ0', 2, '2012-05-13 23:02:00', '2012-05-30 01:55:05'),
(315, 'ハムナプトラ2 黄金のピラミッド', '2001年6月9日', 140, '1933年、リックとエブリンがハムナプトラから生還して8年。2人は8歳になる息子アレックスと共に幸せな生活を送っていた。再びエジプトへ足を運び、新たな秘宝を探していたリックたちは、伝説の巨人スコーピオ', '1551/', '315.jpeg', '大地は震え―― 死者は立ち上がる！', '9UFoE7pa_s4', 3, '2012-05-13 23:02:00', '2012-05-30 01:53:20'),
(316, 'パラサイト', '1999年8月7日', 104, '「スクリーム」のＫ・ウィリアムソン脚本、｢フロム・ダスク・ティル・ドーン」のＲ・ロドリゲス監督がボディスナッチ（人体乗っ取り）ものに挑んだSFサスペンス。郊外の高校に通うケイシーはグランドで奇妙なサナ', '48092/', '316.jpeg', '衝撃･･･！寄生･･･！同化･･･！この中の誰かは、もはや人間ではない。 それは＜水＞を伝わり接触する。', 'Lb_eLHB8Tio', 4, '2012-05-13 23:02:00', '2012-05-30 02:06:58'),
(317, 'ハルク', '2003年8月2日', 138, '映画版ではドラマの重要なポイントとなる主人公の父親役をニック・ノルティ、主人公の恋人である科学者役をジェニファー・コネリー、軍人である彼女の父親役をサム・エリオットと、実力派俳優が共演。変身後のハルク', '1086/', '317.jpeg', '彼の中の何かが覚醒する時、【変身】が始まる !!', 'K8SyqH3fjfA', 2, '2012-05-13 23:10:00', '2012-05-30 02:02:38'),
(318, '半落ち', '2004年1月10日', 122, '02年に刊行されたベストセラー・ミステリーを「陽はまた昇る」の佐々部清監督が映画化。元捜査一課警部、梶が3日前に妻を殺害したと警察に自首してくる。だが、犯行後2日間の行動については沈黙を守る「半落ち」', '1418/', '318.jpeg', '男はなぜ、最愛の妻を殺したのか―― 男はなぜ、あと１年だけ、生きる決心をしたのか――？', 'kMkiYeL_-CY', 2, '2012-05-13 23:10:00', '2012-05-30 02:14:33'),
(319, 'ハンコック', '2008年8月30日', 92, 'ウィル・スミスが嫌われ者のヒーローに扮したアクションコメディ。圧倒的なパワーで人々を救うスーパーヒーローのハンコックは、暴走しすぎて市民から大ブーイングを受けてしまう。そんなある日、ハンコックは偶然に', '53200/', '319.jpeg', 'スーパーヒーローなんか、ウンザリだ。', 'xujPE3-fw_0', 3, '2012-05-13 23:10:00', '2012-05-30 02:13:22'),
(320, 'ハンニバル・ライジング', '2007年4月21日', 121, '「羊たちの沈黙」「ハンニバル」などで世界中を震えあがらせた天才シリアルキラー、ハンニバル・レクター誕生の秘密に迫るシリーズ第4弾。原作者のトマス・ハリスが初めて自ら脚本を手掛け、頭脳明晰にして残忍な殺', '33932/', '320.jpeg', '彼に魔物が棲み付いたのか？ 彼の魔性が目覚めたのか？', 'vFmG-8X-P80', 2, '2012-05-13 23:10:00', '2012-05-30 02:11:02'),
(321, 'ハンニバル', '2001年4月7日', 131, '全米を震撼させたバッファロー・ビル事件から10年。レクター博士のヒントで犯人を逮捕したクラリスは、FBIのベテラン捜査官となっていた。しかし、麻薬密売人イベルダの逮捕の際、激しい銃撃戦の末に彼女を射殺', '1075/', '321.jpeg', '「羊たちの沈黙」から１０年 沈黙は、悲鳴で破られる。', 'ZHQSViS4uBs', 2, '2012-05-13 23:10:00', '2012-05-14 11:43:34'),
(322, 'ビーン', '1998年3月21日', 89, 'TV放映やビデオで人気を呼んだ『ミスター・ビーン』の劇場版。イギリスの美術館から買い戻された名画がアメリカに展示されることになった。美術館員のビーンはひょんなことから、その除幕式で挨拶をすることになり', '48296/', '322.jpeg', '遂に日本政府は、この男を入国させてしまった！！', 'なし', 2, '2012-05-13 23:16:00', '2012-05-14 11:37:51'),
(323, '美女と野獣（1991）', '1992年9月23日', 84, 'アニメ映画史上初めて、アカデミー作品賞にノミネートされ、惜しくも受賞は逃したもののオリジナル作曲賞、主題歌賞を受賞した、ディズニーの長編アニメ第30作。たたみかけるようなドラマ展開で、感動のクライマッ', '48337/', '323.jpeg', 'こころを信じれば、愛が見える。', 'wv_znf4m_FQ', 4, '2012-05-13 23:16:00', '2012-05-14 11:31:31'),
(324, '陽だまりのグラウンド', '2002年4月20日', 106, '実体験を綴った原作をもとに描く感動のヒューマン・ドラマ。ギャンブルで借金苦に陥った男コナーが、週５ドルで少年野球のコーチを引き受ける。報酬目当てで始めた仕事だったが、コナーは、野球を愛し、自分を信頼し', '51542/', '324.jpeg', ' 僕は、野球を教えた。子供達は僕に、人生を 教えてくれた。', 'M9QOrX4UX-M', 3, '2012-05-13 23:16:00', '2012-05-14 12:09:04'),
(325, 'ヒックとドラゴン', '2010年8月7日', 98, '「リロ＆スティッチ」のディーン・デュボア＆クリス・サンダース監督が、クレシッダ・コーウェルによる同名児童小説を3Dアニメとして映画化したファンタジー・コメディ。弱虫なバイキングの少年ヒックはある日、傷', '54255/', '325.jpeg', '少年はドラゴンに翼を与え、ドラゴンは少年に勇気を与えた。', 'KjB1nAOvIb4', 5, '2012-05-13 23:16:00', '2012-05-14 12:01:59'),
(326, 'ピノキオ（1940）', '1952年5月17日', 85, '主題歌『星に願いを』とともに、ディズニー・アニメ史上に燦然と輝く不朽の名作。あやつり人形“ピノキオ”と彼を取り巻く多彩なキャラクターたちが繰り広げる笑いと涙の大冒険を、華麗な色彩と特撮を駆使して描いて', '48405/', '326.jpeg', '', 'UQzZANZ4R14', 4, '2012-05-13 23:16:00', '2012-05-14 11:55:41'),
(327, '評決のとき', '1996年12月28日', 150, 'ミシシッピー州のカントンで、10歳の黒人少女が二人の白人青年に暴行を受け、父親のカールは自分の手で犯人を射殺する。新米弁護士として働くジェイクはカールの弁護を務めることになるが、経験の浅い彼にはあまり', '48459/', '327.jpeg', '裁かれるのは、正義か、愛か、肌の色 か', 'PgbJFv5sIKM', 4, '2012-05-13 23:21:00', '2012-05-14 12:27:52'),
(328, '秒速5センチメートル', '2007年3月3日', 63, '互いを思いあっていた貴樹と明里は、小学校卒業と同時に離れ離れになってしまう。それから時が過ぎたある雪の日、貴樹は明里に会いにいくことを決意する。貴樹と明里の再会の日を描いた「桜花抄」、その後の貴樹を別', '56096/', '328.jpeg', 'どれほどの速さで生きれば 、きみにまた会えるのか', 'aAUi1NuOnJ0', 4, '2012-05-13 23:21:00', '2012-05-14 12:20:28'),
(329, 'ファイナル・カット（2004）', '2005年12月23日', 94, '弱冠26歳で本作の脚本を書いたレバノン出身の新鋭ナイーム監督による、人間の記憶をテーマにした独創的なサスペンス。ロビン・ウィリアムズがトラウマを抱えた“記憶編集者”に扮し、記憶チップを発売する企業の腐', '52804/', '329.jpeg', '〈人生の記憶〉を書きかえる男。', 'x3U6dVF49N4', 2, '2012-05-13 23:21:00', '2012-05-14 12:15:43'),
(330, 'ファイナル・デスティネーション', '2001年1月20日', 98, '高校生アレックスは修学旅行に旅立つ離陸前の飛行機の中で居眠りし、飛行機が離陸直後に大爆発するという悪夢を見る。飛び起きて「この飛行機は爆発する！」と叫ぶアレックスに周囲は騒然。この騒ぎに巻き込まれた数', '1390/', '330.jpeg', '予知、運命――死', 'cpL0jU-qjK8', 4, '2012-05-13 23:21:00', '2012-05-14 14:32:44'),
(331, 'ファイナルファンタジー', '2001年9月15日', 106, '監督・原作はゲームシリーズを手がけた坂口博信。アニメーション監督は「タイタニック」のアンディ・ジョーンズ。ステージング監督は「マトリックス」のストーリーボードを担当したタニ・クニタケ。VFXスーパーバ', '1391/', '331.jpeg', '生命あるすべてに捧げる', 'Ce8sIE3grS0', 1, '2012-05-13 23:21:00', '2012-05-14 14:29:32'),
(332, 'ファンタスティック・フォー　銀河の危機', '2007年9月21日', 92, '超能力を駆使する4人のヒーローチーム“ファンタスティック・フォー”の活躍を描き、全米で初登場ナンバーワンを記録した人気シリーズ第2作。ファンタスティック・フォーのメンバー、リードとスーの結婚の話題でも', '1947/', '332.jpeg', 'この秋、全てが変わる', 'yglRNlaOjfs', 2, '2012-05-13 23:26:00', '2012-05-14 14:26:44'),
(333, 'ファンタスティック・フォー　超能力ユニット', '2005年9月17日', 107, '天才科学者リードたち4人は、宇宙実験の失敗が原因で、人間を超えた能力を得る。同様の能力を得た実業家のビクターは、実験の失敗により富も名声も失ったことから、邪悪な計画を実施し、人々を恐怖に陥れる。4人は', '1059/', '333.jpeg', '4人の愛、4つのパワー、1つの使命。', 'bTxiXzjImGk', 2, '2012-05-13 23:26:00', '2012-05-14 18:30:52'),
(334, 'フィフス・エレメント', '1997年9月13日', 126, '「グラン・ブルー」「レオン」のリュック・ベッソン監督による、制作費100億円のSFアクション大作。2214年、地球に5千年に1度の危機が迫っていた。タクシードライバーコーベンと、地球を救うというモンド', '26020/', '334.jpeg', 'リュック・ベッソン。ブルース・ウィリス。見たことのない未来。', 'OoKssDjs64o', 2, '2012-05-13 23:26:00', '2012-05-14 14:23:49'),
(335, 'フォー・ブラザーズ　狼たちの誓い', '2005年11月19日', 108, '養母を殺害された義理の兄弟たち4人が復讐を誓い、その犯人を探し出していく。監督は「シャフト」「ワイルド・スピードX2」のジョン・シングルトン。肌の色が違う4人兄弟を演じるのは「猿の惑星」のマーク・ウォ', '1395/', '335.jpeg', '許せない！', 'nLbEGkjmTxg', 4, '2012-05-13 23:26:00', '2012-05-14 18:31:41'),
(336, 'フォレスト・ガンプ　一期一会', '1995年2月', 142, '頭は少し弱いが、誰にも負けない俊足と清らかな心をもった男フォレスト・ガンプの数奇な人生を、アメリカ現代史と重ねて描き出していくヒューマンドラマ。監督は「バック・トゥ・ザ・フューチャー」のロバート・ゼメ', '48663/', '336.jpeg', '人生は チョコレートの箱、開けてみるまで分からない', 'JdsMqRaz2WY', 4, '2012-05-13 23:26:00', '2012-05-14 18:19:39'),
(337, 'フライ,ダディ,フライ', '2005年7月9日', 121, '｢GO」の原作者として知られる金城一紀の同名小説を映画化した青春ドラマ。金城自身が脚本を手掛け、軟弱な父親に甘んじていた中年男とどこか人生を達観した高校生の交流、そして両者の成長が描かれる。V6の岡田', '41313/', '337.jpeg', '大切なものを とりもどす、最高の夏休み！', 'eAM0Cq5Oyqc', 2, '2012-05-13 23:31:00', '2012-05-14 18:41:16'),
(338, 'フライトプラン', '2006年1月28日', 98, '夫を不慮の事故で失い、その遺体を故郷のニューヨークに還すため、自身が設計した最新鋭旅客機に搭乗した飛行機設計士のカイルだが、フライト中に居眠りをした隙にひとり娘が姿を消してしまう。乗員や乗客は誰も娘を', '1062/', '338.jpeg', '高度１万メートルの上空で、娘が失踪した…。', 'OHukIo3qVy4', 2, '2012-05-13 23:31:00', '2012-05-14 18:38:41'),
(339, 'プライベート・ライアン', '1998年9月26日 ', 170, '「シンドラーのリスト」で戦時下における人間の尊厳をアーティスティックに描いたＳ・スピルバーグが、観る者に戦争の恐ろしさを疑似体験させる衝撃的作品。1944年、ノルマンディ上陸作戦をからくも生き延びたア', '48770/', '339.jpeg', '選ばれた精鋭は８人――　彼らに与えられた使命は　若きライアン２等兵を救出する事だった…', 'U3c0xszrkys', 4, '2012-05-13 23:31:00', '2012-05-14 18:35:47'),
(340, 'ブラザーフッド', '2004年6月26日', 148, '「シュリ」のカン・ジェギュ監督が4年ぶりにメガホンを取った野心作。公開59日目にして「シルミド」を破り1200万人の動員新記録を樹立した大ヒット映画。1950年に勃発した朝鮮戦争。強制的に徴兵されたと', '1313/', '340.jpeg', '一緒に帰ろう・・・', 'XhE7UEdI4ow', 4, '2012-05-13 23:31:00', '2012-05-14 18:56:13'),
(341, 'ブラック会社に勤めてるんだが、もう俺は限界かもしれない', '2009年11月21日', 104, '2ちゃんねるの書き込みから生まれた黒井勇人のスレッド文学を、「キサラギ」の佐藤祐市が映画化。主演は小池徹平。高校中退のニート・マ男は、母の死をきっかけにプログラマーとなり、何とか小さなIT企業に就職す', '54569/', '341.jpeg', ' ワーキング・エンターテインメント', 'WveQJD8DhFk', 2, '2012-05-13 23:31:00', '2012-05-14 18:52:13'),
(342, 'ブラッド・ダイヤモンド', '2007年4月7日', 143, '内戦下のアフリカで発見された巨大なピンク・ダイヤモンドを巡って繰り広げられる争いをサスペンスフルに描く社会派ドラマ。それぞれ異なる目的のためにダイヤの行方を追う3人の男女の運命が交錯する。冷酷なダイヤ', '33912/', '342.jpeg', '「自由」「家族」「真実」―彼らはダイヤにそれぞれ違う輝きを見た。', 'yVE6w1Ah-c8', 4, '2012-05-13 23:36:00', '2012-05-14 18:48:12'),
(343, 'プラトーン', '1987年4月29日', 120, '1967年、ベトナム。名門大学を中退して殺りくの戦場にやって来た一人の志願兵がいた。次々と徴兵されていく同年代の若者の多くが、少数民族や貧しい者たちだったことに対する憤りゆえの志願である。だが、いきな', '48837/', '343.jpeg', '戦争で傷つくのは、いつも青春。', 'AykiF9YYF2U', 4, '2012-05-13 23:36:00', '2012-05-14 19:09:33'),
(344, 'プリンセス　トヨトミ', '2011年5月28日', 119, '「鴨川ホルモー」「鹿男あをによし」で知られる人気作家・万城目学の直木賞候補になったベストセラーを映画化。1615年の大阪夏の陣で断絶したはずの豊臣家の末裔（まつえい）が今も生きつづけ、大阪の男たちは4', '55456/', '344.jpeg', 'その日大阪が全停止した。', 'qEZLBBVm8fQ', 1, '2012-05-13 23:36:00', '2012-05-14 19:05:03'),
(345, 'ブルース・オールマイティ', '2003年12月20日', 101, '地方TV局のレポーター、ブルースは仕事に不満、神に悪態をつくと神が出現、「私の仕事に不満があるなら君がやれ」と言われて全能の存在に。そこでブルースがやることは……。「エース・ベンチュラ」で共にブレイク', '1316/', '345.jpeg', 'もし一週間だけ神様になれるとしたら － あなたは何をしますか？ ', 'QAK5sJ77J78', 3, '2012-05-13 23:36:00', '2012-05-14 19:01:26'),
(346, 'フルメタル・ジャケット', '1988年3月19日', 116, '　原作はグスタフ・ハスフォードの処女小説「短期応召兵（ザ・ショート・タイマーズ）」。米海兵隊3092小隊の新兵たちはいじめ、侮辱が横行する環境下、過酷な訓練を強いられる。人を殺すことを教え込まれ、人間', '26594/', '346.jpeg', '映画史上最高の戦争映画”と全世界の批評家が絶賛', 'e5CG9qj-D_g', 4, '2012-05-13 23:40:00', '2012-05-14 19:35:21'),
(347, 'プレデターズ', '2010年7月10日', 107, 'アーノルド・シュワルツェネッガー主演の大ヒットSFアクション「プレデター」（87）シリーズを、新たな視点・キャストで描く。ロバート・ロドリゲスが製作と脚本を担当し、新鋭ニムロッド・アーントルがメガホン', '55188/', '347.jpeg', '「殺す」という本能。「生きる」という本能。', 'IFdgI8e8Ki0', 3, '2012-05-13 23:40:00', '2012-05-14 19:30:32'),
(348, 'プレデター', '1987年6月27日', 107, '捕虜となった政府要人を救出する任務を帯びて、ジャングルに派遣されたコマンド部隊。首尾よく捕虜を救出した彼らに、突如何者かが襲いかかる。それは、宇宙から来た未知の肉食獣だった……。“マッチョマン”シュワ', '49023/', '348.jpeg', '', 'tKjs8aunBiQ', 4, '2012-05-13 23:40:00', '2012-05-14 19:27:03'),
(349, '平成狸合戦ぽんぽこ', '1994年7月16日', 119, '舞台は東京の多摩丘陵。宅地開発で次々と自然が失われるなか、そこに棲むタヌキたちが開発阻止に立ち上がった。人間の見ていない所では言葉もしゃべり、２足歩行もする彼らは、先祖伝来の“化け学”を復興すべく特訓', '39294/', '349.jpeg', 'タヌキだってがんばってるんだよォ。', 'なし', 3, '2012-05-13 23:40:00', '2012-05-14 19:19:49'),
(350, 'ベイブ', '1996年3月9日', 92, '純粋無垢な一匹の子ブタが自分の夢に向かって、健気にがんばる姿を描いた感動作。養豚場で生まれたベイブは、遊園地の体重当てコンテストの商品として、農場主のハゴットにもらわれていく。農場には家畜の馬や羊、牧', '49108/', '350.jpeg', '夢は世界一の牧羊豚になることです。', 'myyb4FUUMwI', 4, '2012-05-13 23:40:00', '2012-05-14 19:15:16'),
(351, 'ベイブ・都会へ行く', '1999年3月6日', 96, '子ブタのベイブが活躍する大ヒット作の続編。前作でプロデューサーを務めたＧ・ミラーが監督に当たり、アクションとユーモア満載の大冒険を繰り広げる。不注意からホゲットおじさんに怪我を負わせてしまったベイブは', '49109/', '351.jpeg', '優しい心さえ持ち続けていれば―。', 'mARmXtTkVvY', 2, '2012-05-13 23:46:00', '2012-05-14 21:20:01'),
(352, 'ヘルボーイ', '2004年10月1日', 132, '「ミミック」「ブレイド2」のギレルモ・デル・トロ監督が惚れ込んだコミック「ヘルボーイ」を映画化。ナチスによって地獄から召喚された異形ヘルボーイが、水棲人間や人体自然発火能力を持つ美女と協力し、ロシアの', '1080/', '352.jpeg', 'もはや世界は人間の手には負えない！ 魔界が生んだカリス救世主登場！', 'Ob9J3kCELXE', 3, '2012-05-13 23:46:00', '2012-05-14 21:15:33'),
(353, 'ホワイトアウト（2000）', '2000年8月19日', 129, '日本最大の貯水量を誇る新潟県奥遠和ダムが白銀に覆われた2月。新潟県警に突然「奥遠和発電所およびダムを占拠した」という無線が入った。テログループ“赤い月”はダムの職員を人質に取り50億円を要求、24時間', '1746/', '353.jpeg', '彼らにたった一人で闘いを挑む男がいた！', 'なし', 1, '2012-05-13 23:46:00', '2012-05-14 21:11:11'),
(354, '香港国際警察／　NEW POLICE STORY', '2005年3月5日', 124, 'ハリウッドから香港に復帰を果たした、ジャッキー・チェン主演のポリス・アクション。ジャッキー扮する敏腕警部の特捜チームが、ゲーム好きの若い武装集団に惨敗を喫するという意表を突いた導入部から物語はスタート', '52492/', '354.png', '', 'gS-yRjLuPdo', 5, '2012-05-13 23:46:00', '2012-05-14 21:47:02'),
(355, 'ボルケーノ', '1997年10月18日', 106, '「ツイスター｣「ダンテズ・ピーク」などとともに、1970年代に一世を風靡した自然災害パニックものを、1990年代の最新SFXテクニックを投入することで“再生”させた１本。ロサンゼルスの観光名所ラ・ブレ', '49472/', '355.jpeg', '世界は　地獄より　熱く　燃えさかる', '67oe0_s9EIw', 3, '2012-05-13 23:46:00', '2012-05-14 21:35:45'),
(356, '炎のメモリアル', '2005年5月21日', 116, '9.11同時多発テロの現場で、自らの命を顧みずに英雄的な活躍を繰り広げた名もなき消防士たちに捧げた感動ドラマ。レスキュー活動に身を投じた一消防士の人生を基軸に、死と隣り合わせの過酷な職務に挑む彼らの勇', '52542/', '356.jpeg', '今日も、名もなきヒーローたちが、情熱だけで、命を救う。', '76Wgm28hUpg', 4, '2012-05-13 23:52:00', '2012-05-14 21:30:59'),
(357, 'ホステージ', '2005年6月4日', 113, 'ロバート・クレイスの小説に惚れ込んだブルース・ウィリスが自ら製作を兼任。豪邸で起きた人質事件と、自分の妻子の誘拐事件。複雑に絡み合う両事件に挑む元交渉人の苦悩と活躍を描く。｢スズメバチ」のフローラン・', '52571/', '357.jpeg', '二つの人質事件――一方の人質は、愛する妻と娘。', 'PySDKmO-qn0', 2, '2012-05-13 23:52:00', '2012-05-14 22:01:33'),
(358, 'ポセイドン', '2007年6月3日', 98, '登場人物はオリジナル作とは別物で、消防隊員経験のある元NY市長をカート・ラッセル、その娘を「オペラ座の怪人」のエミー・ロッサム、元海兵隊員のギャンブラーを「ステルス」のジョシュ・ルーカス、ゲイの建築家', '1150/', '358.jpeg', 'その瞬間、運命もさかさまに転覆し始める。', 'NnEMIfx5YNw', 3, '2012-05-13 23:52:00', '2012-05-14 21:55:15'),
(359, 'ポセイドン・アドベンチャー', '1973年3月17日', 117, '豪華客船ポセイドン号が、大津波に襲われ転覆、一瞬のうちに数百人の生命が失われる大惨事となった。生き残った数名の死の脱出劇が即座に始まる……。ハリウッド映画の伝統“スペクタクル劇”の魅力を全編に盛り込ん', '49383/', '359.jpeg', '--これこそ映画の中の映画…', 'dd03qev59Jo', 5, '2012-05-13 23:52:00', '2012-05-14 21:51:38'),
(360, 'ボウリング・フォー・コロンバイン', '2003年1月25日', 120, '02年カンヌ映画祭に正式出品、審査員長デビッド・リンチが急遽“カンヌ映画祭55周年記念特別賞”を設けて授賞した話題作。監督は、著作「アホでマヌケなアメリカ白人」（柏書房）が全米ベストセラーになった過激', '1024/', '360.jpeg', 'こんなアメリカに誰がした', '987MN6P2NKg', 4, '2012-05-13 23:52:00', '2012-05-15 00:37:44'),
(361, 'ホーム・アローン3', '1998年7月25日 ', 102, 'マコーレー・カルキンに替わって、Ａ・Ｄ・リンツを起用して作られたキッズ・コメディの第３作。今回も少年が泥棒相手に大活躍を繰り広げる。シカゴ郊外の住宅街に住むアレックス少年は雪かきをしたお礼として近所に', '49305/', '361.jpeg', '準備はパーフェクト。今度はもっとスゴいぞ。', 'DnWRx3B3kdc', 2, '2012-05-13 23:55:00', '2012-05-14 22:13:30'),
(362, 'ホーム・アローン', '1991年6月22日', 103, 'クリスマス休暇をパリで過ごすことになった一家15人。出発の日、あわてて家を出たお母さんは飛行機の中で何かを忘れたことに気付く。８歳の息子ケビンだった。その夜、ケビンたった一人しかいなくなった家の中に泥', '49303/', '362.jpeg', 'ボク、どうし よう！', 'CK2Btk6Ybm0', 4, '2012-05-13 23:55:00', '2012-05-14 22:10:29'),
(363, 'ホーム・アローン２', '1992年12月19日', 120, '大ヒットを記録したキッズ・ムービーの続編。前作同様、Ｍ・カルキン扮するケビン君が大活躍。今回、彼の一家はクリスマス休暇をマイアミで過ごそうとするが、空港ではぐれたケビン君だけがなぜかニューヨークへ。そ', '49304/', '363.jpeg', '夜も眠らぬ 大都会 今夜もボクは 起きてるゾ', 'z_An3W-oO2k', 3, '2012-05-13 23:55:00', '2012-05-14 22:07:09'),
(364, '101', '1997年3月8日', 103, 'アニメ「101匹わんちゃん」としても有名なＤ・スミスの児童文学を実写で映画化。ダルメシアン犬ボンゴの主人ロジャーとファッション・デザイナーのアニタは犬を散歩している途中で出会い、たちまち恋に落ちて結婚', '51202/', '364.jpeg', '', 'XBJD-lxh078', 3, '2012-05-13 23:55:00', '2012-05-15 00:43:58'),
(365, '102', '2001年3月10日', 100, '大ヒットした動物喜劇「101」の続編。今回は101匹のダルメシアン犬にブチのない真っ白な子犬が加わり、さらにキュートな物語が展開する。毛皮マニアのクルエラとの対決から３年。ロンドンで平穏に暮らしていた', '51480/', '365.jpeg', '', 'Vlq1L-A8asM', 2, '2012-05-13 23:55:00', '2012-05-15 00:56:03'),
(366, '魔法使いの弟子', '2010年8月13日', 110, '「ナショナル・トレジャー」シリーズの製作ジェリー・ブラッカイマー＆ニコラス・ケイジ主演のアクション・ファンタジー。800年にわたり繰り広げられてきた魔法大戦争が、現代のニューヨークでぼっ発。魔法使いの', '55209/', '366.jpeg', '―魔法使い、募集中。', 'ju8nCuQuKzo', 2, '2012-05-14 00:05:00', '2012-05-14 22:18:27'),
(367, 'マスク（1994）', '1995年2月25日', 101, 'マスクを着けると人格が一変する男の活躍を描いたコメディ。小心者の銀行員のスタンリーは、ある日、銀行にやって来たクラブ歌手のティナに一目惚れする。実は、彼女は銀行強盗をたくらむ恋人に頼まれ内部をビデオ撮', '49631/', '367.jpeg', '仮面の下の素顔を見せて、ほんとの恋を始めましょ。', '8flfhllb25w', 3, '2012-05-14 00:05:00', '2012-05-14 22:22:04'),
(368, 'ヴィレッジ', '2004年9月11日', 108, '｢サイン｣のM・ナイト・シャマラン監督の最新作。1897年、米ペンシルバニアの小さな村｡村の周囲を取り囲む森には恐ろしい存在がいるため、村人が森に入ることはタブーとされていた。だが、村で皮を剥いだ動物', '1213/', '368.jpeg', 'その《地上の楽園》は、 奇妙な《掟》に縛られていた…。 ――何故？', 'Kq_B_ukrGKo', 3, '2012-05-14 00:05:00', '2012-05-15 00:53:42'),
(369, 'スターリングラード', '2001年', 132, '1942年9月。1カ月にわたり、ナチス・ドイツの猛攻にさらされてきたスターリングラードに、新兵として赴任してきたバシリ・ザイツェフ。彼はウラルの羊飼いの家に育ち、祖父に射撃を仕込まれた天才スナイパーだ', '1182/', '369.jpeg', '愛するターニャ、今日も僕は君のために　またひとり敵を撃つ。', 'NDS24Qn0wc4', 4, '2012-05-14 00:05:00', '2012-05-15 00:47:56'),
(370, 'ハイド・アンド・シーク　暗闇のかくれんぼ', '2005年4月23日', 102, '精神科医デビッドの妻アリソンが自殺し、9歳の娘エミリーは周囲に心を閉ざし、“チャーリー”という友人を持つようになる。デビッドは“チャーリー”を、心に痛みを持つ子供が生み出した想像上の友人だと考えるが、', '23363/', '370.jpeg', '少女にしか見えないたった一人の遊び仲間… それはすべての禍の始まりだった。', 'SPaIAiJLckI', 2, '2012-05-14 00:05:00', '2012-05-15 01:14:31'),
(371, 'マイ・ボディガード', '2004年12月18日', 146, '「エネミー・オブ・アメリカ」「スパイ・ゲーム」のトニー・スコット監督がA・J・クィネルのベストセラー「燃える男」を映画化。暗殺任務に明け暮れる日々に疲弊していた元CIAの特殊工作員クリーシーは、9歳の', '1553/', '371.jpeg', '男に生きる希望をくれたのは、たった9歳の少女だった。', '6s_-O4HglGI', 3, '2012-05-14 22:35:00', '2012-05-15 01:11:05'),
(372, 'マイ・フレンド・フォーエバー', '1995年8月', 97, '輸血が原因でエイズに感染した11歳の少年デクスターと、その隣に住む12歳の少年エリックのひと夏の友情と冒険を描いた感動作。エリックの隣にエイズ感染者のデクスターが引っ越してきた。初めは偏見から距離を置', '49570/', '372.jpeg', '僕は急いで大人になろうとしていた・・・君を救うために。', 'sa1tVnGSbXs', 5, '2012-05-14 22:35:00', '2012-05-15 01:01:25'),
(373, 'まごころを君に', '1968年', 104, 'いつも子供たちと公園で遊んでいた、精神薄弱の青年チャーリーはある日、女教師アリスの勧めで脳手術を受け成功する。学者となり自分の病状を研究するうちに、限界を知り悲嘆にくれる彼。アリスの熱心なプロポーズに', '49601/', '373.jpeg', '', 'なし', 3, '2012-05-14 22:35:00', '2012-05-15 01:32:08'),
(374, '魔女の宅急便', '1989年7月29', 102, '角野栄子の同名タイトルシリーズを、宮崎駿監督が映画化したスタジオジブリの長編アニメーション作品。古くからのしきたりに従い、修行の旅に出ることになった13才の魔女、キキ。黒猫ジジとともに港町にたどりつい', '28558/', '374.jpeg', 'おちこんだりもしたけれど、私はげんきです。', 'L2_MTR2uGgg', 5, '2012-05-14 22:35:00', '2012-05-15 01:23:35'),
(375, 'ミート・ザ・ペアレンツ2', '2005年11月26日', 115, 'ベン・スティラー演じる主人公グレッグが、恋人パムと結婚するため彼女の父親と会うが、これがロバート・デ・ニーロ扮する元CIAの頑固オヤジで、大騒ぎになった「ミート・ザ・ペアレンツ」の続編。今回は、両家の', '1529/', '375.jpeg', '花嫁の父ＶＳ花婿の父　大激突！', '0KovDEIah2M', 3, '2012-05-14 22:35:00', '2012-05-15 01:19:01'),
(376, 'ミート・ザ・ペアレンツ', '2001年3月31日', 108, 'シカゴに住む看護士グレッグは恋人のパムに夢中。すぐにでもプロポーズしたいのだが、どうやら結婚は彼女の父親の一存にかかっているらしい。そんなときパムの妹が結婚することになり、グレッグとパムは式に出席する', '1528/', '376.jpeg', '宇宙一、運の悪い男<ヤツ>', 'FK_pm70Ij1U', 3, '2012-05-14 22:38:00', '2012-05-15 01:44:44'),
(377, 'Mr.＆Mrs.スミス', '2005年12月3日', 120, '2大人気スター、ブラッド・ピットとアンジェリーナ・ジョリーが初共演する娯楽アクション。スゴ腕の暗殺者2人が相手の正体を知らずに結婚するが、数年たった今は倦怠期に突入。そんなある日、2人は同じ標的を狙う', '1658/', '377.jpeg', '一瞬で恋に落ちた、ふたりおたがい、その正体は秘密。', 'ygwwtShW2DQ', 2, '2012-05-14 22:38:00', '2012-05-15 01:41:57'),
(378, 'Mr.インクレディブル', '2004年12月4日', 115, '感動ロボット・アニメ「アイアン・ジャイアント」のブラッド・バード監督が「ファインディング・ニモ」のピクサー社と組んだアニメ。ヒーロー活動が禁止された世界で、元ヒーロー、Mr.インクレディブルだったボブ', '1087/', '378.jpeg', '見た目は普通の家族、 その正体はスーパーヒーロー一家。', 'n_6JrxSWfPo', 5, '2012-05-14 22:38:00', '2012-05-15 01:39:28'),
(379, 'ミスティック・リバー', '2004年1月10日', 138, '幼なじみの3人の少年は、ひとりが誘拐事件に遭ったことから、次第に離れていくことになる。だが、25年後、彼らは殺人事件を契機に再会する。ひとりは被害者の父、ひとりは容疑者、ひとりは刑事として。デニス・ル', '1129/', '379.jpeg', 'もうひとつの「スタンド・バイ・ミー」を見るために、あなたは大人になった。', 'nmiA24jwlbM', 4, '2012-05-14 22:38:00', '2012-05-15 02:03:29'),
(380, 'ミセス・ダウト', '1994年4月16日', 125, '人並みはずれて子煩悩な父親ダニエルが、妻と離婚したため子供と離れて暮らすことになる。悩んだダニエルは女装して家政婦になりすまし、妻の家で働くことにするが……。千の顔を持つ名優と評されるＲ・ウィリアムズ', '49875/', '380.jpeg', '料理、洗濯 何でもござれ いまどき珍しいお手伝いさん けど何か変？', 'N3bgipCebuI', 4, '2012-05-14 22:38:00', '2012-05-15 01:59:33'),
(381, '道（1954）', '1957年5月25日', 104, 'サーカスの芸人の世界に憧れるフェリーニが、大道芸人のわびしい浮草生活を描いた名作中の名作。粗野な大道芸人のザンパノは、ジェルソミーナという少し頭の弱い娘を雇って旅から旅の生活を送る。ジェルソミーナは、', '49877/', '381.jpeg', '', '_DAa5SN0ffI', 5, '2012-05-14 22:47:00', '2012-05-15 01:55:29'),
(382, 'ミニミニ大作戦（2003）', '2003年6月21日', 111, '50年代に作られた小型車、ミニクーパーが活躍する強盗アクション。金庫破りのプロ、爆薬のプロ、運転のプロなど、特殊技術を持つ面々が、かつての仲間が自分たちから盗んだ金塊を奪回するため作戦を練る。監督は「', '1540/', '382.jpeg', '小さなヤツほど、華麗に決める', 'hvj9vhA8ixY', 4, '2012-05-14 22:47:00', '2012-05-15 02:16:16'),
(383, 'ミリオンダラー・ベイビー', '2005年5月28日', 133, 'ロサンゼルスの寂れたボクシングジムの門を叩いた田舎育ちのマギー。ジムのオーナー兼トレーナーのフランキーは彼女を拒んでいたが、彼女の真剣さに打たれ、彼女のトレーナーとなる。お互いに父娘の関係をなくしてい', '1538/', '383.jpeg', '愛を、教えて。', 'c6D1c2v8S4o', 4, '2012-05-14 22:47:00', '2012-05-15 02:13:23'),
(384, '息子の部屋', '2002年1月19日', 99, '01年カンヌ映画祭パルムドール受賞作。イタリアの小さな港町で暮らす、精神科医の夫と画商の妻、高校生の娘と息子の4人家族は、平穏な日々を送っていた。が、突然の息子の事故死により、その生活はこれまでと同じ', '1552/', '384.jpeg', '息子が生きていた時は，開けてはいけないドアでした', 'KG7cqnipaD4', 3, '2012-05-14 22:47:00', '2012-05-15 02:10:00'),
(385, 'メトロポリス', '2001年5月26日', 107, '人類とロボットが共存する巨大都市メトロポリス──その繁栄は、高度に発達した科学文明を享受する地上都市と、取り残され貧困にあえぐ地下都市から成り立っていた。やがて、この都市に生きる人間とロボット、そして', '1534/', '385.jpeg', '２１世紀…全世界に贈る、もうひとりの「アトム」の物語。', '6OUkk8BhGBs', 1, '2012-05-14 22:47:00', '2012-05-15 02:30:56'),
(386, 'メン・イン・ブラック2', '2002年7月6日', 85, 'トミー・リー・ジョーンズ＆ウィル・スミスの主演で、地球に住まう異星人を監視する秘密組織「MIB（メン・イン・ブラック）」の活躍を描いたSFアクションコメディのシリーズ第2作。MIBのエージェントになっ', '1536/', '386.jpeg', 'ノリで地球を守った２人 あのＫとＪが帰って来る', 'p4NJHqoojOU', 3, '2012-05-14 22:56:00', '2012-05-15 02:28:16'),
(387, 'メン・イン・ブラック', '1997年12月', 97, 'スティーブン・スピルバーグが製作総指揮を担当、ローウェル・カニンガムのコミックをもとに地球上に存在する宇宙人を監視する秘密組織「MIB（メン・イン・ブラック）」の活躍を描くSFアクションコメディ。主演', '50102/', '387.jpeg', 'ヤツらはノリで地球を守る。', 'vsQ41frO-kI', 4, '2012-05-14 22:56:00', '2012-05-15 02:24:57'),
(388, 'モンスターズ・インク', '2002年3月2日', 92, 'モンスターズ株式会社は、人間界に侵入して人間の子供の悲鳴を採集、それをエネルギー源にモンスターシティに電力を供給する会社。しかし、子供はたいへん有害なので、シティに連れ帰ることは禁止されている。同社の', '1124/', '388.jpeg', 'オレたちモンスター、恐がらせのプロ！', 'cvOQeozL4S0', 5, '2012-05-14 22:56:00', '2012-05-15 10:33:19'),
(389, 'YAMAKASI ヤマカシ', '2001年9月22日', 113, '「YAMAKASI」とはコンゴのリンガラ語で「超人」のこと。このユニット名を持つフランスで人気のストリート・パフォーマー集団が主人公。音楽はフレンチHIP HOP界の10年選手、シュプレームNTMのジ', '1754/', '389.jpeg', '７人の超人が跳ぶ！', 'QVVkyPSbPso', 2, '2012-05-14 22:56:00', '2012-05-15 10:29:37'),
(390, 'ユージュアル・サスペクツ', '1996年4月13日', 106, 'アメリカ、日本で大ヒットした、当時、29歳だったＢ・シンガーの第２作。コカイン取引現場で、コカイン密輸船が大爆発を起こし、27人が死亡し、大量のコカインと9100万ドルが消えた。捜査官はただ一人無傷で', '50293/', '390.jpeg', '見破りますか？だまされますか？', 'lv4ZW-VuuW8', 4, '2012-05-14 22:56:00', '2012-05-15 10:26:54'),
(391, 'ユナイテッド93', '2006年8月12日', 111, '2001年9月11日の全米同時多発テロの混乱を、全米中の飛行機を監視する管制センターや米軍基地、そして、ハイジャックされた4機の内ただ1機だけ目的地に届かず、ペンシルバニア州に墜落したユナイテッド93', '1726/', '391.jpeg', 'これは、その4機目の物語である。', 'km-dhumCD1w', 4, '2012-05-14 23:01:00', '2012-05-15 10:55:19'),
(392, '容疑者Xの献身', '2008年10月4日', 128, '05年に直木賞を受賞した東野圭吾の人気ミステリー「探偵ガリレオ」シリーズ第3作「容疑者Xの献身」をTVドラマ「ガリレオ」のスタッフ・キャストで映画化。顔を潰され指を焼かれるという残忍な殺人事件が発生。', '53307/', '392.jpeg', 'その謎を、愛そう。', 'x2PK7EXZIx0', 4, '2012-05-14 23:01:00', '2012-05-15 10:49:30');
INSERT INTO `movies` (`id`, `name`, `year`, `time`, `summary`, `eigacom`, `poster`, `catchcopy`, `trailer`, `score`, `created`, `modified`) VALUES
(393, '容疑者 室井慎次', '2005年8月27日', 117, '｢交渉人 真下正義」に続いて､『踊る大捜査線』シリーズから派生したスピンオフ・ムービー。柳葉敏郎扮する寡黙な警視庁管理官、室井慎次を主人公にしたサスペンスが繰り広げられる。殺人事件の捜査ミスから、逮捕', '41289/', '393.jpeg', 'e''s black?（彼は、クロか、シロか?）', 'YH53czXJ5dc', 1, '2012-05-14 23:01:00', '2012-05-15 10:43:02'),
(394, 'ライアーライアー', '1997年6月14日', 86, 'お笑いスター、Ｊ・キャリーの主演によるハートウォーミング・コメディ。彼が扮するウソが得意な弁護士が、息子の誕生日の願い事によって１日だけウソをつけない体になってしまったことから、大騒動が巻き起こる。「', '50441/', '394.jpeg', '嘘つきは　？のはじまり・・・', 'k0DA75eOltA', 5, '2012-05-14 23:01:00', '2012-05-15 11:18:12'),
(395, 'ライオン・キング', '1994年7月23日', 88, '「美女と野獣｣「アラジン」とヒット作を生み出し、1990年代に入って第２の黄金期を迎えたともいわれるディズニー・アニメのスタッフが、アフリカの大平原を舞台に描く愛と勇気の物語。ジャングルの王として君臨', '50445/', '395.jpeg', '親から子へ 今こそ伝えたい感動が ある── ', 'VDjcpZfLLlk', 3, '2012-05-14 23:01:00', '2012-05-15 11:10:43'),
(396, 'ラストキング・オブ・スコットランド', '2007年3月10日', 125, '1970年代にウガンダに君臨した悪名高き独裁者、イディ・アミンの実像に迫る社会派サスペンス。強いカリスマ性で民衆の支持を集め、クーデターによって大統領の地位を得たアミンが、次第に残虐な独裁者へと成りか', '33876/', '396.jpeg', '何よりも恐ろしいのは、人間の本性', 'LPCHpzvV1gg', 3, '2012-05-14 23:09:00', '2012-05-15 11:06:03'),
(397, 'ラッシュアワー2', '2001年9月22日', 90, '香港警察のリー捜査官とロサンゼルス警察のカーター捜査官が前作のラストで向かった香港で、米国大使館が爆破されるという事件が発生。香港マフィア絡みのこの事件を追って、2人はやがてラスベガスへと飛ぶ。監督と', '1160/', '397.jpeg', '全世界待望の続編！ ついにあの最強コンビが帰ってくる！！', '3TpzHFHUiiA', 2, '2012-05-14 23:09:00', '2012-05-15 11:37:44'),
(398, 'ラッシュアワー', '1999年1月23日', 97, '「レッド・ブロンクス」全米ヒットの勢いに乗って、再びハリウッドに進出したジャッキー・チェンが刑事役を熱演するコミカルなアクション。L.A.在駐の中国領事の娘が誘拐されるという事件が発生。FBIに邪険に', '50540/', '398.jpeg', '中華のコクと、コークの刺激！', 'rs_6Psn1XK0', 3, '2012-05-14 23:09:00', '2012-05-15 11:35:29'),
(399, 'ラマになった王様', '2001年7月14日', 78, '南米の険しいジャングルの彼方にある王国の王様、クスコは人もうらやむ美貌と才能を持ちながら、性格が悪く傲慢で人に意地悪ばかりしていた。ある日リストラされた魔女イズマの恨みをかったクスコは、魔法の薬で“ラ', '1501/', '399.jpeg', '意地悪ばっかりしていると、 そのうち「ラマ」にされちゃうよ。', 't_YjSbp5KHM', 5, '2012-05-14 23:09:00', '2012-05-15 11:30:46'),
(400, 'ラスト サムライ', '2003年12月6日', 154, 'かつての南北戦争の英雄、オールグレン大尉は戦争の無意味さに疲弊し、今はアル中暮らし。そんな彼が、近代化を目指す日本の軍隊の教官として雇われて日本へ渡り、国を挙げての近代化の波の中でサムライの生き方を貫', '1491/', '400.jpeg', 'かつて世界がうらやむような、まばゆい男たちが日本にいた。', 'BRn2wFKteWk', 4, '2012-05-14 23:09:00', '2012-05-15 11:24:00'),
(401, 'リベラ・メ', '2001年11月17日', 119, 'スター総出演で描く韓国初のファイアー・アクション大作。CGもミニチュアも使わず、すべて実写で火災シーンに挑戦し、300台の消防車と延べ1580人の消防隊員を動員。製作費は韓国映画史上最高の約4億500', '1496/', '401.jpeg', '--- 緊張度3000℃', 'なし', 2, '2012-05-14 23:15:00', '2012-05-15 13:18:30'),
(402, 'リロ＆スティッチ', ' 2003年3月8日', 86, '宇宙からやって来たエイリアンと女の子の交流を描いたディズニー・アニメ。凶暴さを次第に失い、愛を学んでいくエイリアンスティッチのキャラクターに加えて、水彩画を導入したソフトなタッチの背景など、映像も温か', '51855/', '402.jpeg', '“愛を知らない”エイリアンと、“愛を失った”女の子。 ふたりが出会って、きっと明日はいいことがある・', 'hu9bERy7XGY', 3, '2012-05-14 23:15:00', '2012-05-15 13:14:31'),
(403, 'リンダリンダリンダ', '2005年7月23日', 114, 'とある地方都市の女子高校生たちの高校生活最後の夏を描く青春群像劇。バンドからギタリストが脱け、3日後に迫る文化祭で何を演奏するか困った響子、恵、望の3人は、オリジナル曲を断念。ブルーハーツのコピーをす', '1499/', '403.jpeg', '高校生活 最後の文化祭――。 ただ、 何かを刻みつけたかった。', '6ZyQH8ZDyk4', 3, '2012-05-14 23:15:00', '2012-05-15 13:08:24'),
(404, 'リクルート', '2004年1月17日', 115, 'CIAの訓練所を舞台に偽装と現実が錯綜するサスペンス・ミステリー。マサチューセッツ工科大生ジェームズは、CIAの採用担当者ウォルターにスカウトされて、特別訓練基地ファームへ。しかし、訓練生が互いを欺き', '1610/', '404.jpeg', '信じるな――自分の＜五感＞でさえも。', '-aqecRSJo3o', 3, '2012-05-14 23:15:00', '2012-05-15 13:01:30'),
(405, 'メダリオン', '2004年6月19', 89, '2004年に50歳を迎えたＪ・チェンが、ますます快調なアクションを披露した冒険活劇。無限のパワーを与える伝説のメダル。犯罪組織に奪われた、この秘宝を追って、ジャッキー扮する捜査官が激闘を繰り広げる。ス', '52218/', '405.jpeg', 'このメダルには謎がある。 このメダルには敵がいる。 だから、このメダルには命を賭ける。', '2CTGuevGW3o', 2, '2012-05-15 15:30:00', '2012-05-15 16:14:29'),
(406, 'ルパン三世　カリオストロの城', '1979年12月15日', 100, '宮崎駿監督にとって初の劇場監督作品となる劇場用「ルパン三世」シリーズ第2弾。盗み出した大金が偽札と気づいたルパンと次元は、偽のゴート札の秘密を探るため、カリオストロ公国へやって来た。そして謎の男たちに', '32052/', '406.jpeg', '生きては還れぬ謎の古城でついにめぐり逢った最強の敵!', 'JnSS_uOBjSc', 5, '2012-05-15 15:30:00', '2012-05-15 16:11:51'),
(407, 'レッド・ドラゴン', '2003年2月8日', 125, 'FBI捜査官グレアムはレクターを逮捕した後、引退していたが、一家全員を惨殺し、眼球に鏡の破片を突き刺す猟奇殺人事件が発生、元上司に捜査への協力を求められて、獄中のレクターに会いに行く。トマス・ハリスが', '1611/', '407.jpeg', '<<悪の根源>>を知る為には その原点に戻らねばならない。', 'STnWeHx41p4', 4, '2012-05-15 15:30:00', '2012-05-15 16:08:35'),
(408, 'レディ・キラーズ', '2004年5月22日', 104, '55年のイギリス映画「マダムと泥棒」をコーエン兄弟がリメイク。トム・ハンクス扮する天才的犯罪者が、上品な紳士を装ってミシシッピ河畔の下宿家の下宿人になるが、彼の真の目的は近所のカジノ船の金庫。教会音楽', '1489/', '408.jpeg', '5人の犯罪プロフェッショナルによる、 完全無欠のカジノ強奪計画。 ただひとつの誤算は、ひとりの老婦人…。', 'yrEAEXFJGo0', 2, '2012-05-15 15:30:00', '2012-05-15 16:30:42'),
(409, 'レリック', '1997年5月31日', 110, '　シカゴの博物館内で職員が惨殺される事件が起こる。ダガスタ警部補の捜査が進められる一方、進化生物学者のマーゴは事件と同じ日に南米から届いた荷物の中身に気を留める。それは葉に付着した胞子だったが、やがて', '32330/', '409.jpeg', '扉が閉まったら、 後はいっさい責任もてません。', 'mI4adLmGj1c', 2, '2012-05-15 15:30:00', '2012-05-15 16:28:35'),
(410, 'ロード・オブ・ザ・リング　王の帰還', '2004年2月14日', 203, '超大作ファンタジー「ロード・オブ・ザ・リング」シリーズ3部作の完結編。邪悪な力を持つ指輪を滅びの山に捨てるべく旅を続けるフロドとサムだったが、同行するゴラムの策略にはまり仲を裂かれてしまう。一方、冥王', '1804/', '410.jpeg', '遂に完結！ その時、世界は史上最大の感動でひとつになる。', 'gViMVbE9Vkg', 5, '2012-05-15 15:36:00', '2012-05-15 16:42:45'),
(411, 'ロード・オブ・ザ・リング　二つの塔', '2003年2月22日', 179, '1作目「ロード・オブ・ザ・リング」からそのまま続く第2部。フロドとサム、メリーとピピン、アラゴルンとレゴラスとギムリ、3手に別れた仲間たちのその後の旅が描かれていく。セオデン王、ファラミアなど新登場キ', '1805/', '411.jpeg', '新しい出会いと別れ―― 第一部は序章でしかなかった。', 'HlXIOPlXCuE', 5, '2012-05-15 15:36:00', '2012-05-15 16:42:39'),
(412, 'ロード・オブ・ザ・リング', '2002年3月2日', 178, '世界的ベストセラーであるJ・R・R・トールキンの「指輪物語」3部作の映画化、第1作。監督は「乙女の祈り」のピーター・ジャクソン。イライジャ・ウッド、イアン・マッケラン、ケイト・ブランシェット、リブ・タ', '1114/', '412.jpeg', '指輪を手にした者が世界を救う。', 'vFM4Y6kKCks', 5, '2012-05-15 15:36:00', '2012-05-15 16:40:12'),
(413, 'ローレライ', '2005年3月5日', 128, '平成ガメラシリーズの特技監督として知られる樋口真嗣が長編監督デビュー。45年8月、広島に原爆を投下され、窮地に陥った日本軍は、ドイツから極秘裏に入手した潜水艦・伊507に特殊兵器「ローレライ」を搭載し', '1506/', '413.jpeg', '祖国を守るため、彼女を守るしかなかった…', 'eXEh76evlTk', 1, '2012-05-15 15:36:00', '2012-05-15 16:58:14'),
(414, 'ロスト・ワールド／ジュラシック・パーク', '1997年7月', 129, 'メガヒットを飛ばした「ジュラシック・パーク」の続編。前作同様、Ｍ・クライトンの原作をＳ・スピルバーグがスケール感豊かに映像化した。恐竜を現代に蘇らせた史上最大のテーマパークの失敗から４年。コスタリカ沖', '51009/', '414.jpeg', 'そして 何かが生き残った・・・', 'E6Xf65X0JB8', 3, '2012-05-15 15:36:00', '2012-05-15 16:52:45'),
(415, 'ロミオ＆ジュリエット', '1997年4月', 120, 'シェイクスピアの古典劇「ロミオとジュリエット」の舞台を現代に置き換え、レオナルド・ディカプリオ＆クレア・デーンズ主演で映画化したラブストーリー。ベローナ・ビーチで勢力を二分するモンタギュー家とキャピレ', '1125/', '415.jpeg', '最も偉大な永遠の愛の物語。', '6S6IJWilpx4', 2, '2012-05-15 15:39:00', '2012-05-15 16:48:02'),
(416, 'ブラック・ダイヤモンド', '2003年3月29日', 101, '監督バートコウィアクは撮影監督出身、「リーサル・ウェポン4」の撮影でジョエル・シルバーに認められ、「ロミオ・マスト・ダイ」で監督業に進出。DMXは刑務所収監経験をもつ人気ラッパー。自伝も出版、自己レー', '1296/', '416.jpeg', '鑑定評価、１００カラットの凶器。', 'vYis5-ao5TQ', 2, '2012-05-15 15:39:00', '2012-05-15 19:00:44'),
(417, 'パーシー・ジャクソンとオリンポスの神々', '2010年2月26日', 121, '「ホーム・アローン」のクリス・コロンバス監督が、ベストセラー児童書を映画化したファンタジー。主演は「3時10分、決断のとき」の新星ローガン・ラーマン。ピアース・ブロスナン、ユマ・サーマンらが脇を固める', '54946/', '417.jpeg', 'ギリシア神話が現代によみがえる！', 'Y5_Rpu-A2KQ', 2, '2012-05-15 15:39:00', '2012-05-15 18:57:37'),
(418, 'スタンド・バイ・ミー', '1987年', 89, 'スティーブン・キングの短編小説「死体」をロブ・ライナー監督が映画化したノスタルジックな青春ドラマ。オレゴン州の小さな田舎町キャッスルロック。それぞれに家庭の問題を抱える4人の少年たちが、町から30キロ', '45887/', '418.jpeg', '12歳の夏、誰も 大人になんかなりたくなかったんだ…。--不朽の名作。', 'FUVnfaA-kpI', 5, '2012-05-15 15:39:00', '2012-05-15 18:51:24'),
(419, 'ヴァン・ヘルシング', '2004年9月4日', 133, '「ハムナプトラ」シリーズのスティーブン・ソマーズ監督が、ユニバーサル・ホラーの人気モンスター大集合で描くアクション・アドベンチャー。モンスターハンター、ヴァン・ヘルシングが、ドラキュラ伯爵、フランケン', '1209/', '419.jpeg', 'まだ見ぬ世界が、牙 をむく。', 'MgEbcDuFANY', 4, '2012-05-15 15:39:00', '2012-05-15 19:12:14'),
(420, 'クール・ランニング', '1994年2月19日', 98, '　オリンピック出場の夢に破れたジャマイカの陸上選手が、あきらめずに冬季五輪のボブスレーに挑戦する姿を実話をもとに描いた。集まったのはボブスレー経験のない陸上選手とその幼なじみ。4人はカルガリー五輪を目', '10077/', '420.jpeg', 'ジャマイカ人が ボブスレーだって？', 'Jpdg5XOZZDY', 5, '2012-05-15 15:41:00', '2012-05-15 19:06:25'),
(421, 'ファイヤーウォール', '2006年4月1日', 106, '万全を期したセキュリティ・システムの弱点はそれを管理する人間だという今日的なドラマが展開する犯罪サスペンス。監督リチャード・ロンクレインは、本作では悪役を演じるポール・ベタニーが、落ち目のテニスプレー', '1392/', '421.jpeg', 'コンピュータ・ セキュリティ最大の弱点は、それをつくった人間？', 'Y6YrPxgBQIA', 2, '2012-05-15 15:41:00', '2012-05-15 19:03:19'),
(422, 'タイガーランド', '2001年10月6日', 101, '「依頼人」のＪ・シュマッカーが、“ドグマ95”に賛同して製作した意欲作。戦地へ向けて最終歩兵訓練を行う新兵たちの中に、上官にたてつく男、ボズがいた。能力がありながらも常に責任から逃げ出してきたボズ。彼', '51339/', '422.jpeg', '軍は若者たちに、兵士たることを求めた。 だが、人間らしさを貫こうとした若者がいた。', 'xxKl4cm9LJo', 3, '2012-05-15 15:41:00', '2012-05-15 20:25:10'),
(423, 'ヴィドック', '2002年1月12日', 100, '監督ピトフは、フランスのデジタル映像のパイオニア。CMやクリップを経て、ジュネ＆キャロ監督の「デリカテッセン」の特殊効果を手がけ、同監督の「エイリアン4」で第2班監督を担当、本作で監督デビュー。本作の', '1734/', '423.jpeg', 'その男の顔は鏡、映った者は必ず死ぬ', 'KZlS5Hj2urg', 2, '2012-05-15 15:41:00', '2012-05-15 20:20:28'),
(424, 'フォーン・ブース', '2003年11月22日', 81, '「タイガーランド」（00）で批評家の絶賛を浴びたジョエル・シュマッカー監督が、同作で注目を集めて今や出演作続々のコリン・ファレルを主演に描く異色サスペンス。自称一流パブリシストのスチュが、公衆電話の受', '1596/', '424.jpeg', '電話を切れば、殺される', 'p07lBCfC2q8', 4, '2012-05-15 15:41:00', '2012-05-15 20:16:43'),
(425, 'ペイ・フォワード　可能の王国', '2001年2月3日', 123, '社会科の先生が中学生たちに課題を与える。「もしきみたちが世界を変えたいと思ったら、何をするか？」。母親のアル中を気に病み、近所にたむろするホームレスを気遣うトレバー少年は、そんな、自分の周りの決して幸', '1144/', '425.jpeg', '今ここに、とてつもない映画が 新世紀の扉を押し開けようとしている。', '_pCtXRP1edo', 4, '2012-05-15 15:52:00', '2012-05-15 20:37:53'),
(426, 'フラッド', '1998年9月5日', 97, '「アビス｣「バックドラフト」などの撮影監督Ｍ・ソロモン監督、｢スピード」のＧ・ヨスト脚本によるパニック・アクション。記録的な豪雨が続き、大洪水に見舞われたインディアナ州の田舎町。ほとんどの住民が避難し', '48823/', '426.jpeg', '＜その時＞――誰もが敵となる！ 史上最悪の大洪水の中、完全なる犯罪計画が襲いかかる…', 'dP4MkZUthkA', 2, '2012-05-15 15:52:00', '2012-05-15 20:33:36'),
(427, '魔法にかけられて', '2008年3月14日', 108, 'ディズニーアニメのプリンセスが実写の世界へ迷い込んだことで起こる大騒動を描いたファンタジック・コメディ。魔法の国で暮らすジゼルは、王子との結婚式の日に魔女に騙されて現代のニューヨークへと送り込まれてし', '53101/', '427.jpeg', 'アニメの世界のプリンセスが迷い込んだのは――現代のニューヨーク！？', 'jOnoX_5uH0c', 4, '2012-05-15 15:52:00', '2012-05-15 20:29:20'),
(428, 'スモール・ソルジャーズ', '1998年12月23日', 110, '玩具会社を傘下に収めた軍事産業企業グロボテック社が、永久電池を使って新たに作り上げたアクション・フィギュア、心優しいモンスター種族“ゴーゴナイト”と、彼らの壊滅を目指す部隊“コマンドー・エリート”。発', '46031/', '428.jpeg', '世界最強！史上最小！', 'YwIt5wagRsg', 3, '2012-05-15 15:52:00', '2012-05-15 22:24:04'),
(429, 'ファインディング・ニモ', '2003年12月6日', 101, 'オーストラリアの海に住むカクレクマノミのマーリンは、ひとり息子ニモを育てるシングル・ファーザー。ある日、ニモが人間のボートに近づいてさらわれてしまい、マーリンは物忘れの激しい魚ドリーの協力を得て、ニモ', '1133/', '429.jpeg', '「誰かニモを知りませんか？」', 'gfgeIZyrIM0', 4, '2012-05-15 15:52:00', '2012-05-15 20:59:11'),
(430, 'バグズ・ライフ', '1999年3月6日', 97, '「トイ・ストーリー」のスタッフが３年の歳月を費やし、3D・CGアニメでは世界初のワイドスクリーンに挑戦。昆虫たちのミクロな世界をスケール豊かに描く冒険ファンタジーだ。秋になるとアリたちの国は、乱暴なバ', '47878/', '430.jpeg', 'ミクロの世界の超大作誕生！', 'g6gszQIU-8M', 4, '2012-05-15 15:54:00', '2012-05-15 20:49:37'),
(431, 'キャプテン・ウルフ', '2005年10月29日', 95, 'アクション俳優のヴィン・ディーゼルが、本格コメディに挑戦。国家機密レベルの重要任務に就いたはずの無敵のソルジャーが、意に反して悪ガキどもの世話をするハメに。炊事、洗濯、カモの飼育に奔走する、これまで見', '52648/', '431.jpeg', '無敵のソルジャーの新たなミッション。 それは――炊事、洗濯、おむつかえに、カモの世話？？？', 'q6hl7UFOAy0', 3, '2012-05-15 15:54:00', '2012-05-15 20:46:20'),
(432, '青の炎', '2003年3月15日', 116, '演劇界の巨匠、蜷川幸雄が21年ぶりにメガホンを執り、犯罪に走った少年の心理を描く貴志祐介のミステリー小説を映画化。人気アイドルの二宮和也、松浦亜弥が披露する繊細な演技にも注目が集まった。高校生、秀一の', '40694/', '432.jpeg', '僕は独りでこの世界と戦っている。', '0LzU7EtyNzk', 4, '2012-05-15 15:54:00', '2012-05-15 20:42:18'),
(433, 'トラ・トラ・トラ！', '1970年9月25日', 144, '1941年12月８日。太平洋戦争の口火を切った日本軍の真珠湾攻撃の全容を、日米スタッフの協力のもとに再現した70ミリ大作。急襲までの日米間の様々な情報合戦が、ドラマティックに描かれていて興味深い。クラ', '47322/', '433.jpeg', '太陽は昇った－昭和１６年１２月８日、その真紅の朝焼けは血と炎のドラマにふさわしく大空をそめた。', 'YRfPcnlMYtU', 4, '2012-05-15 21:15:00', '2012-05-15 22:18:17'),
(434, 'スフィア', '1998年5月23日', 134, '太平洋の沖合で 300年近く海底に沈んでいた巨大な宇宙船が発見された。政府の要請を受けた心理学者ノーマン、彼の古い知り合いの生化学者ベス、ニヒルな数学者ハリーら数人の学識者は謎の指揮官バーンズとともに', '45989/', '434.jpeg', '人類最大の恐怖は、海の底に眠っていた－', 'pRdPs7tLZ_A', 1, '2012-05-15 21:15:00', '2012-05-15 22:13:23');

-- --------------------------------------------------------

--
-- テーブルの構造 `movies_partners`
--

CREATE TABLE IF NOT EXISTS `movies_partners` (
  `movie_id` int(11) NOT NULL,
  `partner_id` int(11) NOT NULL,
  PRIMARY KEY (`movie_id`,`partner_id`)
) ENGINE=InnoDB DEFAULT CHARSET=utf8;

--
-- テーブルのデータをダンプしています `movies_partners`
--

INSERT INTO `movies_partners` (`movie_id`, `partner_id`) VALUES
(1, 3),
(1, 4),
(1, 17),
(2, 1),
(2, 3),
(2, 17),
(3, 3),
(3, 4),
(3, 17),
(4, 3),
(4, 17),
(5, 1),
(5, 19),
(6, 3),
(6, 19),
(7, 3),
(7, 4),
(7, 17),
(8, 3),
(8, 4),
(8, 17),
(9, 1),
(9, 19),
(10, 3),
(10, 4),
(10, 17),
(11, 3),
(11, 17),
(12, 3),
(12, 4),
(12, 17),
(13, 1),
(13, 3),
(13, 4),
(13, 17),
(14, 3),
(14, 17),
(15, 3),
(15, 4),
(15, 17),
(16, 3),
(16, 8),
(17, 3),
(17, 4),
(17, 17),
(18, 1),
(18, 3),
(18, 17),
(19, 3),
(19, 17),
(20, 3),
(20, 17),
(21, 3),
(21, 17),
(22, 3),
(22, 4),
(22, 17),
(23, 19),
(24, 3),
(24, 17),
(25, 4),
(26, 19),
(27, 4),
(28, 1),
(28, 14),
(29, 3),
(29, 17),
(30, 3),
(30, 17),
(31, 1),
(31, 3),
(31, 8),
(31, 18),
(32, 3),
(32, 4),
(32, 17),
(33, 3),
(33, 4),
(34, 3),
(34, 6),
(34, 17),
(35, 1),
(36, 1),
(36, 19),
(37, 3),
(37, 4),
(37, 6),
(37, 8),
(38, 1),
(38, 3),
(38, 17),
(39, 3),
(40, 3),
(40, 19),
(41, 3),
(41, 17),
(42, 1),
(43, 3),
(43, 4),
(43, 17),
(44, 3),
(44, 17),
(45, 11),
(45, 15),
(45, 18),
(46, 1),
(46, 3),
(46, 17),
(47, 1),
(47, 19),
(48, 3),
(48, 4),
(48, 8),
(48, 17),
(49, 3),
(49, 4),
(49, 8),
(49, 14),
(50, 3),
(50, 6),
(50, 19),
(51, 3),
(51, 18),
(52, 3),
(53, 3),
(53, 18),
(54, 3),
(54, 4),
(54, 17),
(55, 3),
(55, 4),
(55, 17),
(56, 3),
(56, 4),
(56, 17),
(57, 3),
(57, 4),
(57, 17),
(58, 3),
(58, 4),
(58, 17),
(59, 3),
(59, 4),
(59, 17),
(60, 3),
(60, 4),
(60, 17),
(61, 3),
(61, 4),
(61, 17),
(62, 3),
(62, 4),
(62, 6),
(62, 8),
(62, 17),
(63, 3),
(63, 18),
(64, 3),
(64, 17),
(65, 3),
(65, 17),
(66, 3),
(66, 17),
(67, 3),
(67, 17),
(68, 3),
(68, 17),
(69, 3),
(69, 4),
(69, 17),
(70, 1),
(70, 3),
(70, 17),
(71, 3),
(71, 4),
(71, 10),
(71, 17),
(72, 1),
(72, 3),
(73, 3),
(73, 19),
(74, 3),
(74, 8),
(74, 18),
(75, 3),
(75, 17),
(76, 3),
(76, 17),
(77, 1),
(77, 19),
(78, 1),
(78, 19),
(79, 1),
(79, 19),
(80, 3),
(80, 4),
(80, 18),
(81, 1),
(82, 3),
(82, 4),
(83, 19),
(84, 1),
(84, 19),
(85, 3),
(85, 4),
(85, 18),
(86, 3),
(86, 4),
(86, 18),
(87, 1),
(87, 3),
(87, 17),
(88, 1),
(89, 1),
(89, 17),
(90, 3),
(90, 17),
(91, 3),
(91, 4),
(91, 17),
(92, 3),
(92, 4),
(92, 17),
(93, 3),
(93, 4),
(93, 19),
(94, 3),
(94, 4),
(94, 17),
(95, 19),
(95, 21),
(96, 1),
(96, 3),
(96, 17),
(97, 1),
(98, 1),
(99, 1),
(100, 3),
(100, 19),
(101, 1),
(101, 3),
(101, 17),
(102, 3),
(102, 17),
(103, 3),
(103, 17),
(104, 3),
(104, 4),
(104, 17),
(105, 4),
(106, 4),
(107, 4),
(108, 3),
(108, 4),
(108, 17),
(109, 3),
(109, 4),
(109, 17),
(110, 4),
(111, 3),
(111, 4),
(111, 17),
(112, 3),
(112, 4),
(112, 17),
(113, 3),
(113, 4),
(113, 17),
(114, 4),
(115, 3),
(115, 4),
(115, 17),
(116, 3),
(116, 4),
(116, 17),
(117, 3),
(117, 17),
(118, 3),
(118, 4),
(119, 3),
(119, 17),
(120, 3),
(120, 4),
(120, 17),
(121, 1),
(121, 3),
(121, 17),
(122, 1),
(122, 3),
(122, 4),
(122, 17),
(123, 3),
(123, 4),
(123, 10),
(123, 17),
(124, 3),
(124, 18),
(125, 1),
(126, 3),
(126, 4),
(126, 17),
(127, 3),
(127, 4),
(127, 17),
(128, 3),
(128, 4),
(128, 19),
(129, 3),
(129, 4),
(129, 19),
(130, 1),
(130, 3),
(130, 6),
(130, 17),
(131, 1),
(132, 1),
(132, 19),
(133, 3),
(133, 4),
(133, 17),
(134, 3),
(134, 4),
(134, 18),
(135, 1),
(136, 3),
(136, 4),
(136, 17),
(137, 3),
(137, 17),
(138, 3),
(138, 17),
(139, 1),
(139, 3),
(139, 17),
(140, 1),
(140, 3),
(140, 17),
(141, 1),
(141, 19),
(142, 1),
(142, 3),
(142, 4),
(142, 17),
(143, 3),
(143, 19),
(144, 3),
(144, 4),
(144, 17),
(145, 3),
(145, 4),
(145, 17),
(146, 3),
(146, 4),
(146, 17),
(147, 3),
(147, 4),
(147, 6),
(147, 8),
(147, 17),
(148, 1),
(148, 3),
(148, 4),
(148, 17),
(149, 19),
(150, 1),
(151, 3),
(151, 4),
(151, 17),
(152, 1),
(152, 3),
(152, 17),
(153, 3),
(153, 4),
(153, 17),
(154, 3),
(154, 17),
(155, 3),
(155, 4),
(155, 18),
(156, 3),
(156, 18),
(157, 3),
(157, 4),
(157, 17),
(158, 1),
(159, 3),
(159, 4),
(159, 17),
(160, 3),
(160, 4),
(160, 17),
(161, 3),
(161, 18),
(162, 3),
(162, 4),
(162, 17),
(163, 3),
(163, 4),
(163, 17),
(164, 3),
(164, 4),
(164, 17),
(165, 3),
(165, 4),
(165, 17),
(166, 1),
(166, 3),
(166, 17),
(167, 1),
(168, 3),
(168, 4),
(168, 17),
(169, 3),
(169, 17),
(170, 3),
(170, 17),
(171, 3),
(171, 17),
(172, 3),
(172, 17),
(173, 1),
(174, 3),
(174, 17),
(175, 19),
(176, 3),
(176, 17),
(177, 3),
(177, 4),
(177, 17),
(178, 3),
(178, 17),
(179, 3),
(180, 19),
(181, 3),
(181, 4),
(181, 17),
(182, 3),
(182, 4),
(182, 17),
(183, 3),
(183, 4),
(183, 17),
(184, 1),
(185, 3),
(185, 4),
(185, 17),
(186, 1),
(187, 3),
(187, 4),
(187, 17),
(188, 3),
(188, 4),
(188, 17),
(189, 3),
(189, 19),
(190, 3),
(190, 4),
(190, 6),
(191, 3),
(191, 4),
(191, 17),
(191, 18),
(192, 1),
(193, 1),
(194, 3),
(194, 4),
(194, 6),
(194, 17),
(195, 19),
(196, 3),
(196, 17),
(197, 3),
(197, 4),
(198, 3),
(198, 4),
(198, 18),
(199, 3),
(199, 17),
(200, 1),
(200, 3),
(200, 17),
(201, 3),
(201, 17),
(202, 3),
(202, 4),
(202, 17),
(203, 3),
(203, 4),
(203, 17),
(204, 3),
(204, 17),
(204, 19),
(205, 3),
(205, 4),
(205, 17),
(206, 3),
(206, 17),
(207, 3),
(207, 4),
(207, 17),
(208, 3),
(208, 4),
(208, 17),
(209, 3),
(209, 4),
(209, 17),
(210, 3),
(210, 4),
(210, 17),
(211, 19),
(212, 3),
(212, 4),
(212, 17),
(213, 3),
(213, 4),
(213, 17),
(214, 1),
(214, 19),
(215, 3),
(215, 4),
(216, 3),
(216, 4),
(217, 3),
(217, 4),
(217, 17),
(218, 3),
(218, 4),
(218, 17),
(219, 3),
(219, 4),
(219, 17),
(220, 3),
(220, 4),
(220, 17),
(221, 3),
(221, 17),
(222, 3),
(222, 17),
(223, 1),
(224, 3),
(224, 4),
(225, 3),
(225, 4),
(226, 3),
(226, 4),
(226, 17),
(227, 3),
(227, 4),
(227, 17),
(228, 3),
(228, 4),
(228, 17),
(229, 3),
(229, 4),
(229, 17),
(230, 3),
(230, 4),
(230, 17),
(231, 3),
(231, 17),
(232, 1),
(233, 3),
(233, 4),
(233, 17),
(234, 3),
(234, 4),
(234, 17),
(235, 3),
(235, 4),
(235, 17),
(236, 3),
(236, 4),
(236, 17),
(237, 3),
(237, 4),
(237, 17),
(238, 1),
(239, 6),
(239, 10),
(239, 19),
(240, 3),
(240, 4),
(240, 19),
(241, 3),
(241, 4),
(241, 17),
(242, 3),
(242, 4),
(242, 17),
(243, 3),
(243, 17),
(244, 3),
(244, 4),
(244, 17),
(245, 3),
(245, 4),
(245, 17),
(246, 3),
(246, 4),
(246, 17),
(247, 3),
(247, 4),
(247, 17),
(248, 3),
(248, 4),
(248, 17),
(249, 3),
(249, 4),
(249, 17),
(250, 3),
(250, 4),
(250, 17),
(251, 19),
(252, 3),
(252, 4),
(252, 17),
(253, 3),
(253, 17),
(254, 3),
(254, 4),
(254, 17),
(255, 3),
(255, 4),
(255, 17),
(256, 3),
(256, 4),
(256, 17),
(257, 3),
(257, 18),
(258, 3),
(258, 4),
(258, 17),
(259, 3),
(259, 4),
(259, 17),
(260, 3),
(260, 17),
(261, 3),
(261, 4),
(261, 17),
(262, 3),
(262, 4),
(262, 6),
(262, 19),
(263, 3),
(263, 18),
(264, 3),
(264, 4),
(264, 17),
(265, 3),
(265, 4),
(265, 18),
(266, 3),
(266, 4),
(267, 3),
(267, 4),
(268, 1),
(268, 19),
(269, 3),
(269, 18),
(270, 3),
(270, 4),
(271, 3),
(271, 4),
(271, 17),
(272, 3),
(272, 4),
(272, 17),
(273, 3),
(273, 17),
(274, 1),
(274, 3),
(274, 17),
(275, 3),
(275, 4),
(275, 17),
(276, 3),
(276, 17),
(277, 3),
(277, 4),
(277, 6),
(277, 19),
(278, 1),
(279, 6),
(279, 19),
(280, 3),
(280, 4),
(280, 17),
(281, 3),
(281, 4),
(281, 6),
(281, 17),
(282, 3),
(282, 4),
(282, 17),
(283, 3),
(283, 4),
(283, 17),
(284, 3),
(284, 4),
(284, 17),
(285, 1),
(286, 3),
(286, 4),
(286, 17),
(287, 3),
(287, 4),
(287, 17),
(288, 3),
(288, 4),
(288, 17),
(289, 3),
(289, 4),
(289, 17),
(290, 3),
(290, 4),
(290, 17),
(291, 3),
(291, 4),
(291, 17),
(292, 1),
(293, 4),
(294, 3),
(294, 17),
(295, 3),
(295, 4),
(295, 18),
(296, 4),
(296, 19),
(297, 1),
(298, 3),
(298, 4),
(298, 17),
(299, 3),
(299, 4),
(299, 17),
(300, 3),
(300, 4),
(300, 17),
(301, 3),
(301, 4),
(301, 17),
(302, 3),
(302, 4),
(302, 17),
(303, 3),
(303, 4),
(303, 18),
(304, 3),
(304, 4),
(304, 17),
(305, 3),
(305, 6),
(305, 10),
(305, 17),
(306, 1),
(306, 3),
(306, 19),
(307, 19),
(308, 3),
(308, 4),
(308, 17),
(309, 3),
(309, 4),
(309, 17),
(310, 3),
(310, 7),
(310, 17),
(311, 3),
(311, 4),
(311, 17),
(312, 19),
(313, 3),
(313, 4),
(313, 17),
(314, 3),
(314, 4),
(314, 17),
(315, 3),
(315, 4),
(315, 17),
(316, 3),
(316, 4),
(316, 17),
(317, 3),
(317, 4),
(317, 19),
(318, 1),
(319, 3),
(319, 4),
(319, 17),
(320, 1),
(321, 3),
(321, 17),
(322, 1),
(323, 3),
(323, 4),
(323, 18),
(324, 3),
(324, 19),
(325, 3),
(325, 4),
(325, 6),
(325, 17),
(326, 4),
(327, 3),
(327, 4),
(327, 17),
(328, 3),
(328, 17),
(329, 1),
(330, 3),
(330, 17),
(331, 1),
(332, 3),
(332, 4),
(332, 17),
(333, 3),
(333, 4),
(333, 17),
(334, 3),
(334, 4),
(334, 17),
(335, 10),
(335, 19),
(336, 3),
(336, 4),
(336, 17),
(337, 3),
(337, 4),
(337, 17),
(338, 3),
(338, 7),
(338, 17),
(339, 3),
(339, 4),
(339, 19),
(340, 10),
(340, 19),
(341, 3),
(341, 17),
(342, 3),
(342, 4),
(342, 19),
(343, 1),
(343, 19),
(344, 1),
(345, 3),
(345, 4),
(345, 17),
(346, 1),
(346, 19),
(347, 3),
(347, 17),
(348, 3),
(348, 19),
(349, 3),
(349, 4),
(349, 17),
(350, 3),
(350, 4),
(350, 18),
(351, 3),
(351, 4),
(351, 18),
(352, 3),
(352, 4),
(352, 17),
(353, 1),
(354, 3),
(354, 4),
(354, 19),
(355, 3),
(355, 4),
(355, 17),
(356, 3),
(356, 6),
(356, 19),
(357, 1),
(358, 3),
(358, 4),
(358, 17),
(359, 3),
(359, 4),
(359, 17),
(360, 4),
(360, 19),
(361, 3),
(361, 4),
(361, 17),
(362, 3),
(362, 4),
(362, 17),
(363, 3),
(363, 4),
(363, 17),
(364, 3),
(364, 4),
(365, 3),
(365, 4),
(366, 3),
(366, 4),
(366, 17),
(367, 3),
(367, 4),
(367, 17),
(368, 3),
(368, 4),
(368, 17),
(369, 3),
(369, 19),
(370, 1),
(371, 3),
(371, 19),
(372, 3),
(372, 4),
(372, 17),
(373, 3),
(373, 17),
(374, 3),
(374, 4),
(374, 18),
(375, 3),
(375, 17),
(376, 3),
(376, 4),
(376, 17),
(377, 3),
(377, 17),
(378, 3),
(378, 4),
(378, 17),
(379, 1),
(380, 3),
(380, 4),
(380, 17),
(381, 3),
(381, 4),
(381, 17),
(382, 3),
(382, 4),
(382, 17),
(383, 1),
(384, 1),
(384, 4),
(384, 6),
(385, 1),
(386, 3),
(386, 4),
(386, 17),
(387, 3),
(387, 4),
(387, 17),
(388, 3),
(388, 4),
(388, 18),
(389, 1),
(389, 19),
(390, 3),
(390, 19),
(391, 3),
(391, 4),
(391, 17),
(392, 3),
(392, 4),
(392, 17),
(393, 1),
(394, 3),
(394, 4),
(394, 6),
(394, 17),
(395, 3),
(395, 4),
(396, 1),
(396, 19),
(397, 3),
(397, 4),
(397, 19),
(398, 3),
(398, 4),
(398, 19),
(399, 3),
(399, 4),
(400, 3),
(400, 4),
(400, 19),
(401, 1),
(402, 3),
(402, 4),
(402, 18),
(403, 4),
(403, 18),
(404, 1),
(405, 3),
(405, 4),
(405, 19),
(406, 3),
(406, 4),
(406, 17),
(407, 3),
(407, 17),
(408, 1),
(409, 1),
(410, 3),
(410, 4),
(410, 17),
(411, 3),
(411, 4),
(411, 17),
(412, 3),
(412, 4),
(412, 17),
(413, 1),
(414, 3),
(414, 4),
(414, 17),
(415, 3),
(415, 18),
(416, 1),
(416, 19),
(417, 3),
(417, 4),
(417, 18),
(418, 3),
(418, 4),
(418, 6),
(418, 17),
(419, 3),
(419, 4),
(419, 17),
(420, 3),
(420, 4),
(420, 17),
(421, 19),
(422, 19),
(423, 1),
(424, 3),
(424, 17),
(425, 3),
(425, 4),
(425, 17),
(426, 3),
(426, 19),
(427, 3),
(427, 4),
(427, 18),
(428, 3),
(428, 4),
(428, 19),
(429, 3),
(429, 4),
(429, 6),
(429, 17),
(430, 3),
(430, 4),
(430, 17),
(431, 3),
(431, 4),
(431, 17),
(432, 1),
(432, 3),
(432, 4),
(432, 17),
(433, 4),
(433, 19),
(434, 1);

-- --------------------------------------------------------

--
-- テーブルの構造 `partners`
--

CREATE TABLE IF NOT EXISTS `partners` (
  `id` int(11) NOT NULL AUTO_INCREMENT,
  `name` varchar(15) NOT NULL,
  PRIMARY KEY (`id`),
  UNIQUE KEY `name` (`name`)
) ENGINE=InnoDB  DEFAULT CHARSET=utf8 AUTO_INCREMENT=23 ;

--
-- テーブルのデータをダンプしています `partners`
--

INSERT INTO `partners` (`id`, `name`) VALUES
(13, 'おじいちゃんと孫(女性)'),
(14, 'おじいちゃんと孫(男性)'),
(15, 'おばあちゃんと孫(女性)'),
(16, 'おばあちゃんと孫(男性)'),
(22, '働く女性'),
(21, '働く男性'),
(9, '兄と妹'),
(10, '兄と弟'),
(17, '友達'),
(18, '友達(女性同士)'),
(19, '友達(男性同士)'),
(3, '夫婦・恋人'),
(11, '姉と妹'),
(12, '姉と弟'),
(4, '家族'),
(7, '母と娘'),
(8, '母と息子'),
(5, '父と娘'),
(6, '父と息子'),
(1, '１人');

-- --------------------------------------------------------

--
-- テーブルの構造 `users`
--

CREATE TABLE IF NOT EXISTS `users` (
  `id` int(11) NOT NULL AUTO_INCREMENT,
  `created` datetime DEFAULT NULL,
  `modified` datetime DEFAULT NULL,
  `username` varchar(255) NOT NULL,
  `password` varchar(80) NOT NULL,
  PRIMARY KEY (`id`)
) ENGINE=InnoDB  DEFAULT CHARSET=utf8 AUTO_INCREMENT=4 ;

--
-- テーブルのデータをダンプしています `users`
--

INSERT INTO `users` (`id`, `created`, `modified`, `username`, `password`) VALUES
(3, '2012-05-10 02:41:18', '2012-05-10 02:41:18', 'mumutto0131', 'f40d2653434bae00b82bd2242c1ae247fbbdc461');
